-- Generated by Craft v2.6.2789 on Jun 28, 2016, 3:17:01 PM.

--
-- Disable foreign key checks and autocommit.
--

SET FOREIGN_KEY_CHECKS = 0;
SET SQL_MODE = "NO_AUTO_VALUE_ON_ZERO";
SET AUTOCOMMIT = 0;
SET NAMES utf8;


DROP TABLE IF EXISTS `craft_assetfiles`;


--
-- Schema for table `craft_assetfiles`
--
CREATE TABLE `craft_assetfiles` (
  `id` int(11) NOT NULL,
  `sourceId` int(11) DEFAULT NULL,
  `folderId` int(11) NOT NULL,
  `filename` varchar(255) COLLATE utf8_unicode_ci NOT NULL,
  `kind` varchar(50) COLLATE utf8_unicode_ci NOT NULL DEFAULT 'unknown',
  `width` int(11) unsigned DEFAULT NULL,
  `height` int(11) unsigned DEFAULT NULL,
  `size` bigint(20) unsigned DEFAULT NULL,
  `dateModified` datetime DEFAULT NULL,
  `dateCreated` datetime NOT NULL,
  `dateUpdated` datetime NOT NULL,
  `uid` char(36) COLLATE utf8_unicode_ci NOT NULL DEFAULT '0',
  PRIMARY KEY (`id`),
  UNIQUE KEY `craft_assetfiles_filename_folderId_unq_idx` (`filename`,`folderId`),
  KEY `craft_assetfiles_sourceId_fk` (`sourceId`),
  KEY `craft_assetfiles_folderId_fk` (`folderId`)
) ENGINE=InnoDB DEFAULT CHARSET=utf8 COLLATE=utf8_unicode_ci;

--
-- Data for table `craft_assetfiles`
--

INSERT INTO `craft_assetfiles` (`id`, `sourceId`, `folderId`, `filename`, `kind`, `width`, `height`, `size`, `dateModified`, `dateCreated`, `dateUpdated`, `uid`) VALUES
 ('4', '1', '1', 'map.jpg', 'image', '739', '524', '153137', '2016-05-27 15:00:31', '2016-05-27 15:00:31', '2016-05-27 15:00:31', '275c284a-9358-4dfb-b737-8f3225540f78'),
 ('18', '1', '1', 'living-room.jpg', 'image', '1060', '792', '143442', '2016-06-03 15:19:51', '2016-06-03 15:19:51', '2016-06-03 15:19:51', '609559c4-b6c8-465a-8170-737fd1627a75'),
 ('19', '1', '1', 'logo.png', 'image', '945', '831', '54952', '2016-06-03 15:20:30', '2016-06-03 15:20:30', '2016-06-03 15:20:30', '6b630b2a-5c11-4c6b-9ea3-fc4a61404a9f'),
 ('20', '1', '1', 'dummy-pdf.pdf', 'pdf', NULL, NULL, '49005', '2016-06-03 15:20:43', '2016-06-03 15:20:43', '2016-06-03 15:20:43', 'bddcab99-8d69-4868-8ec7-10a740ba898f');



DROP TABLE IF EXISTS `craft_assetfolders`;


--
-- Schema for table `craft_assetfolders`
--
CREATE TABLE `craft_assetfolders` (
  `id` int(11) NOT NULL AUTO_INCREMENT,
  `parentId` int(11) DEFAULT NULL,
  `sourceId` int(11) DEFAULT NULL,
  `name` varchar(255) COLLATE utf8_unicode_ci NOT NULL,
  `path` varchar(255) COLLATE utf8_unicode_ci DEFAULT NULL,
  `dateCreated` datetime NOT NULL,
  `dateUpdated` datetime NOT NULL,
  `uid` char(36) COLLATE utf8_unicode_ci NOT NULL DEFAULT '0',
  PRIMARY KEY (`id`),
  UNIQUE KEY `craft_assetfolders_name_parentId_sourceId_unq_idx` (`name`,`parentId`,`sourceId`),
  KEY `craft_assetfolders_parentId_fk` (`parentId`),
  KEY `craft_assetfolders_sourceId_fk` (`sourceId`)
) ENGINE=InnoDB AUTO_INCREMENT=3 DEFAULT CHARSET=utf8 COLLATE=utf8_unicode_ci;

--
-- Data for table `craft_assetfolders`
--

INSERT INTO `craft_assetfolders` (`id`, `parentId`, `sourceId`, `name`, `path`, `dateCreated`, `dateUpdated`, `uid`) VALUES
 ('1', NULL, '1', 'Test', '', '2016-05-27 14:58:32', '2016-05-27 14:58:32', 'd8e34962-e2f1-4a15-8423-51930eb9d8f3'),
 ('2', NULL, '2', 'Another', '', '2016-06-03 15:21:12', '2016-06-03 15:21:12', '43d8621a-08d4-46a4-af1d-2560cbbb9a2b');



DROP TABLE IF EXISTS `craft_assetindexdata`;


--
-- Schema for table `craft_assetindexdata`
--
CREATE TABLE `craft_assetindexdata` (
  `id` int(11) NOT NULL AUTO_INCREMENT,
  `sessionId` varchar(36) COLLATE utf8_unicode_ci NOT NULL DEFAULT '',
  `sourceId` int(10) NOT NULL,
  `offset` int(10) NOT NULL,
  `uri` varchar(255) COLLATE utf8_unicode_ci DEFAULT NULL,
  `size` varchar(255) COLLATE utf8_unicode_ci DEFAULT NULL,
  `recordId` int(10) DEFAULT NULL,
  `dateCreated` datetime NOT NULL,
  `dateUpdated` datetime NOT NULL,
  `uid` char(36) COLLATE utf8_unicode_ci NOT NULL DEFAULT '0',
  PRIMARY KEY (`id`),
  UNIQUE KEY `craft_assetindexdata_sessionId_sourceId_offset_unq_idx` (`sessionId`,`sourceId`,`offset`),
  KEY `craft_assetindexdata_sourceId_fk` (`sourceId`)
) ENGINE=InnoDB DEFAULT CHARSET=utf8 COLLATE=utf8_unicode_ci;

DROP TABLE IF EXISTS `craft_assetsources`;


--
-- Schema for table `craft_assetsources`
--
CREATE TABLE `craft_assetsources` (
  `id` int(11) NOT NULL AUTO_INCREMENT,
  `name` varchar(255) COLLATE utf8_unicode_ci NOT NULL,
  `handle` varchar(255) COLLATE utf8_unicode_ci NOT NULL,
  `type` varchar(150) COLLATE utf8_unicode_ci NOT NULL,
  `settings` text COLLATE utf8_unicode_ci,
  `sortOrder` smallint(6) unsigned DEFAULT NULL,
  `fieldLayoutId` int(10) DEFAULT NULL,
  `dateCreated` datetime NOT NULL,
  `dateUpdated` datetime NOT NULL,
  `uid` char(36) COLLATE utf8_unicode_ci NOT NULL DEFAULT '0',
  PRIMARY KEY (`id`),
  UNIQUE KEY `craft_assetsources_name_unq_idx` (`name`),
  UNIQUE KEY `craft_assetsources_handle_unq_idx` (`handle`),
  KEY `craft_assetsources_fieldLayoutId_fk` (`fieldLayoutId`)
) ENGINE=InnoDB AUTO_INCREMENT=3 DEFAULT CHARSET=utf8 COLLATE=utf8_unicode_ci;

--
-- Data for table `craft_assetsources`
--

INSERT INTO `craft_assetsources` (`id`, `name`, `handle`, `type`, `settings`, `sortOrder`, `fieldLayoutId`, `dateCreated`, `dateUpdated`, `uid`) VALUES
 ('1', 'Test', 'test', 'Local', '{\"path\":\"uploads\\/\",\"publicURLs\":\"1\",\"url\":\"http:\\/\\/donkeytail\\/uploads\\/\"}', '1', '37', '2016-05-27 14:58:32', '2016-06-03 15:21:21', 'b9df8bd6-4a26-45fe-862b-42601d883b11'),
 ('2', 'Another', 'another', 'Local', '{\"path\":\"another\\/\",\"publicURLs\":\"1\",\"url\":\"http:\\/\\/donkeytail\\/another\\/\"}', '2', '38', '2016-06-03 15:21:12', '2016-06-03 15:21:30', '790ace87-1547-49e5-8e4d-90ea9f591839');



DROP TABLE IF EXISTS `craft_assettransformindex`;


--
-- Schema for table `craft_assettransformindex`
--
CREATE TABLE `craft_assettransformindex` (
  `id` int(11) NOT NULL AUTO_INCREMENT,
  `fileId` int(11) NOT NULL,
  `filename` varchar(255) COLLATE utf8_unicode_ci DEFAULT NULL,
  `format` varchar(255) COLLATE utf8_unicode_ci DEFAULT NULL,
  `location` varchar(255) COLLATE utf8_unicode_ci NOT NULL,
  `sourceId` int(11) DEFAULT NULL,
  `fileExists` tinyint(1) DEFAULT NULL,
  `inProgress` tinyint(1) DEFAULT NULL,
  `dateIndexed` datetime DEFAULT NULL,
  `dateCreated` datetime NOT NULL,
  `dateUpdated` datetime NOT NULL,
  `uid` char(36) COLLATE utf8_unicode_ci NOT NULL DEFAULT '0',
  PRIMARY KEY (`id`),
  KEY `craft_assettransformindex_sourceId_fileId_location_idx` (`sourceId`,`fileId`,`location`)
) ENGINE=InnoDB DEFAULT CHARSET=utf8 COLLATE=utf8_unicode_ci;

DROP TABLE IF EXISTS `craft_assettransforms`;


--
-- Schema for table `craft_assettransforms`
--
CREATE TABLE `craft_assettransforms` (
  `id` int(11) NOT NULL AUTO_INCREMENT,
  `name` varchar(255) COLLATE utf8_unicode_ci NOT NULL,
  `handle` varchar(255) COLLATE utf8_unicode_ci NOT NULL,
  `mode` enum('stretch','fit','crop') COLLATE utf8_unicode_ci NOT NULL DEFAULT 'crop',
  `position` enum('top-left','top-center','top-right','center-left','center-center','center-right','bottom-left','bottom-center','bottom-right') COLLATE utf8_unicode_ci NOT NULL DEFAULT 'center-center',
  `height` int(10) DEFAULT NULL,
  `width` int(10) DEFAULT NULL,
  `format` varchar(255) COLLATE utf8_unicode_ci DEFAULT NULL,
  `quality` int(10) DEFAULT NULL,
  `dimensionChangeTime` datetime DEFAULT NULL,
  `dateCreated` datetime NOT NULL,
  `dateUpdated` datetime NOT NULL,
  `uid` char(36) COLLATE utf8_unicode_ci NOT NULL DEFAULT '0',
  PRIMARY KEY (`id`),
  UNIQUE KEY `craft_assettransforms_name_unq_idx` (`name`),
  UNIQUE KEY `craft_assettransforms_handle_unq_idx` (`handle`)
) ENGINE=InnoDB DEFAULT CHARSET=utf8 COLLATE=utf8_unicode_ci;

DROP TABLE IF EXISTS `craft_categories`;


--
-- Schema for table `craft_categories`
--
CREATE TABLE `craft_categories` (
  `id` int(11) NOT NULL,
  `groupId` int(11) NOT NULL,
  `dateCreated` datetime NOT NULL,
  `dateUpdated` datetime NOT NULL,
  `uid` char(36) COLLATE utf8_unicode_ci NOT NULL DEFAULT '0',
  PRIMARY KEY (`id`),
  KEY `craft_categories_groupId_fk` (`groupId`)
) ENGINE=InnoDB DEFAULT CHARSET=utf8 COLLATE=utf8_unicode_ci;

DROP TABLE IF EXISTS `craft_categorygroups`;


--
-- Schema for table `craft_categorygroups`
--
CREATE TABLE `craft_categorygroups` (
  `id` int(11) NOT NULL AUTO_INCREMENT,
  `structureId` int(11) NOT NULL,
  `fieldLayoutId` int(11) DEFAULT NULL,
  `name` varchar(255) COLLATE utf8_unicode_ci NOT NULL,
  `handle` varchar(255) COLLATE utf8_unicode_ci NOT NULL,
  `hasUrls` tinyint(1) unsigned NOT NULL DEFAULT '1',
  `template` varchar(500) COLLATE utf8_unicode_ci DEFAULT NULL,
  `dateCreated` datetime NOT NULL,
  `dateUpdated` datetime NOT NULL,
  `uid` char(36) COLLATE utf8_unicode_ci NOT NULL DEFAULT '0',
  PRIMARY KEY (`id`),
  UNIQUE KEY `craft_categorygroups_name_unq_idx` (`name`),
  UNIQUE KEY `craft_categorygroups_handle_unq_idx` (`handle`),
  KEY `craft_categorygroups_structureId_fk` (`structureId`),
  KEY `craft_categorygroups_fieldLayoutId_fk` (`fieldLayoutId`)
) ENGINE=InnoDB DEFAULT CHARSET=utf8 COLLATE=utf8_unicode_ci;

DROP TABLE IF EXISTS `craft_categorygroups_i18n`;


--
-- Schema for table `craft_categorygroups_i18n`
--
CREATE TABLE `craft_categorygroups_i18n` (
  `id` int(11) NOT NULL AUTO_INCREMENT,
  `groupId` int(11) NOT NULL,
  `locale` char(12) COLLATE utf8_unicode_ci NOT NULL,
  `urlFormat` text COLLATE utf8_unicode_ci,
  `nestedUrlFormat` text COLLATE utf8_unicode_ci,
  `dateCreated` datetime NOT NULL,
  `dateUpdated` datetime NOT NULL,
  `uid` char(36) COLLATE utf8_unicode_ci NOT NULL DEFAULT '0',
  PRIMARY KEY (`id`),
  UNIQUE KEY `craft_categorygroups_i18n_groupId_locale_unq_idx` (`groupId`,`locale`),
  KEY `craft_categorygroups_i18n_locale_fk` (`locale`)
) ENGINE=InnoDB DEFAULT CHARSET=utf8 COLLATE=utf8_unicode_ci;

DROP TABLE IF EXISTS `craft_content`;


--
-- Schema for table `craft_content`
--
CREATE TABLE `craft_content` (
  `id` int(11) NOT NULL AUTO_INCREMENT,
  `elementId` int(11) NOT NULL,
  `locale` char(12) COLLATE utf8_unicode_ci NOT NULL,
  `title` varchar(255) COLLATE utf8_unicode_ci DEFAULT NULL,
  `field_productPhoto` text COLLATE utf8_unicode_ci,
  `dateCreated` datetime NOT NULL,
  `dateUpdated` datetime NOT NULL,
  `uid` char(36) COLLATE utf8_unicode_ci NOT NULL DEFAULT '0',
  PRIMARY KEY (`id`),
  UNIQUE KEY `craft_content_elementId_locale_unq_idx` (`elementId`,`locale`),
  KEY `craft_content_title_idx` (`title`),
  KEY `craft_content_locale_fk` (`locale`)
) ENGINE=InnoDB AUTO_INCREMENT=17 DEFAULT CHARSET=utf8 COLLATE=utf8_unicode_ci;

--
-- Data for table `craft_content`
--

INSERT INTO `craft_content` (`id`, `elementId`, `locale`, `title`, `field_productPhoto`, `dateCreated`, `dateUpdated`, `uid`) VALUES
 ('1', '1', 'en_us', NULL, NULL, '2016-05-26 16:25:23', '2016-05-26 16:25:23', '07cbd681-3386-4faa-84d2-6b161f3b6ab3'),
 ('2', '2', 'en_us', 'Homepage', '{\"leftPercentage\":\"24.5161\",\"topPercentage\":\"15.6818\"}', '2016-05-26 16:25:24', '2016-06-03 11:48:04', 'c44fb182-ccc3-4e56-8af2-857e3c8a6b66'),
 ('4', '4', 'en_us', 'Map', NULL, '2016-05-27 15:00:31', '2016-05-27 15:00:31', '811a512e-6077-483d-922e-ba449e4726a3'),
 ('5', '5', 'en_us', 'Short Vase', '{\"leftPercentage\":\"68.5484\",\"topPercentage\":\"42.7747\"}', '2016-05-31 13:58:41', '2016-06-08 17:29:24', '841c6d03-c366-4aec-bbba-aac9c87d7a7a'),
 ('6', '6', 'en_us', 'Tables', '{\"leftPercentage\":\"55.6452\",\"topPercentage\":\"76.8182\"}', '2016-05-31 14:28:54', '2016-06-08 17:29:36', 'c42d21c7-4eab-4caf-9970-7f3df273a851'),
 ('9', '9', 'en_us', 'Tall Vase', '{\"leftPercentage\":\"75.3226\",\"topPercentage\":\"38.1344\"}', '2016-05-31 16:34:30', '2016-06-08 17:28:15', '4768f390-d585-4c14-acfc-48cdc2b108eb'),
 ('10', '10', 'en_us', 'Cushion', '{\"leftPercentage\":\"70.8039\",\"topPercentage\":\"63.6947\"}', '2016-05-31 16:34:42', '2016-06-08 17:29:56', '3ec843f2-c374-44a4-b362-079466b7d5aa'),
 ('11', '11', 'en_us', 'Lamp', '{\"leftPercentage\":\"22.9032\",\"topPercentage\":\"35.4212\"}', '2016-06-03 09:41:20', '2016-06-08 17:30:12', '23fffd9f-47f1-4d4b-9eee-02afce1b4ead'),
 ('14', '18', 'en_us', 'Living Room', NULL, '2016-06-03 15:19:51', '2016-06-03 15:19:51', '850addf6-45cf-4647-989a-4528ba45ce8a'),
 ('15', '19', 'en_us', 'Logo', NULL, '2016-06-03 15:20:30', '2016-06-03 15:20:30', 'fd417a2f-99fa-4828-a576-83d31c5e91a2'),
 ('16', '20', 'en_us', 'Dummy Pdf', NULL, '2016-06-03 15:20:43', '2016-06-03 15:20:43', '73c1b86a-657b-4809-8ddb-c3690273288f');



DROP TABLE IF EXISTS `craft_deprecationerrors`;


--
-- Schema for table `craft_deprecationerrors`
--
CREATE TABLE `craft_deprecationerrors` (
  `id` int(11) NOT NULL AUTO_INCREMENT,
  `key` varchar(255) COLLATE utf8_unicode_ci NOT NULL,
  `fingerprint` varchar(255) COLLATE utf8_unicode_ci NOT NULL,
  `lastOccurrence` datetime NOT NULL,
  `file` varchar(255) COLLATE utf8_unicode_ci NOT NULL,
  `line` smallint(6) unsigned NOT NULL,
  `class` varchar(255) COLLATE utf8_unicode_ci DEFAULT NULL,
  `method` varchar(255) COLLATE utf8_unicode_ci DEFAULT NULL,
  `template` varchar(255) COLLATE utf8_unicode_ci DEFAULT NULL,
  `templateLine` smallint(6) unsigned DEFAULT NULL,
  `message` varchar(255) COLLATE utf8_unicode_ci DEFAULT NULL,
  `traces` text COLLATE utf8_unicode_ci,
  `dateCreated` datetime NOT NULL,
  `dateUpdated` datetime NOT NULL,
  `uid` char(36) COLLATE utf8_unicode_ci NOT NULL DEFAULT '0',
  PRIMARY KEY (`id`),
  UNIQUE KEY `craft_deprecationerrors_key_fingerprint_unq_idx` (`key`,`fingerprint`)
) ENGINE=InnoDB DEFAULT CHARSET=utf8 COLLATE=utf8_unicode_ci;

DROP TABLE IF EXISTS `craft_elementindexsettings`;


--
-- Schema for table `craft_elementindexsettings`
--
CREATE TABLE `craft_elementindexsettings` (
  `id` int(11) NOT NULL AUTO_INCREMENT,
  `type` varchar(150) COLLATE utf8_unicode_ci NOT NULL,
  `settings` text COLLATE utf8_unicode_ci,
  `dateCreated` datetime NOT NULL,
  `dateUpdated` datetime NOT NULL,
  `uid` char(36) COLLATE utf8_unicode_ci NOT NULL DEFAULT '0',
  PRIMARY KEY (`id`),
  UNIQUE KEY `craft_elementindexsettings_type_unq_idx` (`type`)
) ENGINE=InnoDB AUTO_INCREMENT=2 DEFAULT CHARSET=utf8 COLLATE=utf8_unicode_ci;

--
-- Data for table `craft_elementindexsettings`
--

INSERT INTO `craft_elementindexsettings` (`id`, `type`, `settings`, `dateCreated`, `dateUpdated`, `uid`) VALUES
 ('1', 'Entry', '{\"sources\":{\"section:3\":{\"tableAttributes\":{\"1\":\"postDate\",\"2\":\"expiryDate\",\"3\":\"link\"}}}}', '2016-05-31 16:10:10', '2016-05-31 16:10:36', '8357bb70-f7de-4ce9-9acb-8d802425bcb2');



DROP TABLE IF EXISTS `craft_elements`;


--
-- Schema for table `craft_elements`
--
CREATE TABLE `craft_elements` (
  `id` int(11) NOT NULL AUTO_INCREMENT,
  `type` varchar(150) COLLATE utf8_unicode_ci NOT NULL,
  `enabled` tinyint(1) unsigned NOT NULL DEFAULT '1',
  `archived` tinyint(1) unsigned NOT NULL DEFAULT '0',
  `dateCreated` datetime NOT NULL,
  `dateUpdated` datetime NOT NULL,
  `uid` char(36) COLLATE utf8_unicode_ci NOT NULL DEFAULT '0',
  PRIMARY KEY (`id`),
  KEY `craft_elements_type_idx` (`type`),
  KEY `craft_elements_enabled_idx` (`enabled`),
  KEY `craft_elements_archived_dateCreated_idx` (`archived`,`dateCreated`)
) ENGINE=InnoDB AUTO_INCREMENT=21 DEFAULT CHARSET=utf8 COLLATE=utf8_unicode_ci;

--
-- Data for table `craft_elements`
--

INSERT INTO `craft_elements` (`id`, `type`, `enabled`, `archived`, `dateCreated`, `dateUpdated`, `uid`) VALUES
 ('1', 'User', '1', '0', '2016-05-26 16:25:23', '2016-05-26 16:25:23', '948b8a71-249f-4101-88e9-f3982bdb1d33'),
 ('2', 'Entry', '1', '0', '2016-05-26 16:25:24', '2016-06-03 11:48:04', '9cbf5ae7-67ae-4dbc-8aaa-00c9ea56a1d6'),
 ('4', 'Asset', '1', '0', '2016-05-27 15:00:31', '2016-05-27 15:00:31', '25ecfe54-28c5-4a04-a335-6764c70bb9ef'),
 ('5', 'Entry', '1', '0', '2016-05-31 13:58:41', '2016-06-08 17:29:24', '3f375cef-76f4-462a-8768-eb14ecb21a6f'),
 ('6', 'Entry', '1', '0', '2016-05-31 14:28:54', '2016-06-08 17:29:36', 'd9065e6a-c781-4e92-bab7-af24a9875c3e'),
 ('9', 'Entry', '1', '0', '2016-05-31 16:34:30', '2016-06-08 17:28:15', '722ab51c-eaee-4af9-a8e5-1bc0f1eecc34'),
 ('10', 'Entry', '1', '0', '2016-05-31 16:34:42', '2016-06-08 17:29:56', '8778dc75-d1c0-4180-8702-ace2c15ae508'),
 ('11', 'Entry', '1', '0', '2016-06-03 09:41:20', '2016-06-08 17:30:12', '685f3a06-6c6f-4472-ab73-a434c800c6eb'),
 ('12', 'MatrixBlock', '1', '0', '2016-06-03 10:18:48', '2016-06-03 11:48:04', 'aa7da41f-190c-4c7e-825b-509d8d5c00b2'),
 ('13', 'MatrixBlock', '1', '0', '2016-06-03 10:18:48', '2016-06-03 11:48:05', 'bfbc67c6-602d-42c3-ba9b-9e56b22f7d1d'),
 ('14', 'MatrixBlock', '1', '0', '2016-06-03 10:18:49', '2016-06-03 11:48:05', 'cff935e2-a115-4494-a35e-78cccccc7882'),
 ('17', 'MatrixBlock', '1', '0', '2016-06-03 11:48:05', '2016-06-03 11:48:05', 'bddc8d45-582d-463c-b398-ec24fecc00e2'),
 ('18', 'Asset', '1', '0', '2016-06-03 15:19:51', '2016-06-03 15:19:51', '1daf304a-2a54-4bef-8354-4d540172650e'),
 ('19', 'Asset', '1', '0', '2016-06-03 15:20:30', '2016-06-03 15:20:30', 'e80ea17a-3372-45b8-a8e0-babd171e31d3'),
 ('20', 'Asset', '1', '0', '2016-06-03 15:20:43', '2016-06-03 15:20:43', '61c923fe-0113-424f-a996-d2c443ba26b0');



DROP TABLE IF EXISTS `craft_elements_i18n`;


--
-- Schema for table `craft_elements_i18n`
--
CREATE TABLE `craft_elements_i18n` (
  `id` int(11) NOT NULL AUTO_INCREMENT,
  `elementId` int(11) NOT NULL,
  `locale` char(12) COLLATE utf8_unicode_ci NOT NULL,
  `slug` varchar(255) COLLATE utf8_unicode_ci DEFAULT NULL,
  `uri` varchar(255) COLLATE utf8_unicode_ci DEFAULT NULL,
  `enabled` tinyint(1) unsigned NOT NULL DEFAULT '1',
  `dateCreated` datetime NOT NULL,
  `dateUpdated` datetime NOT NULL,
  `uid` char(36) COLLATE utf8_unicode_ci NOT NULL DEFAULT '0',
  PRIMARY KEY (`id`),
  UNIQUE KEY `craft_elements_i18n_elementId_locale_unq_idx` (`elementId`,`locale`),
  UNIQUE KEY `craft_elements_i18n_uri_locale_unq_idx` (`uri`,`locale`),
  KEY `craft_elements_i18n_slug_locale_idx` (`slug`,`locale`),
  KEY `craft_elements_i18n_enabled_idx` (`enabled`),
  KEY `craft_elements_i18n_locale_fk` (`locale`)
) ENGINE=InnoDB AUTO_INCREMENT=21 DEFAULT CHARSET=utf8 COLLATE=utf8_unicode_ci;

--
-- Data for table `craft_elements_i18n`
--

INSERT INTO `craft_elements_i18n` (`id`, `elementId`, `locale`, `slug`, `uri`, `enabled`, `dateCreated`, `dateUpdated`, `uid`) VALUES
 ('1', '1', 'en_us', '', NULL, '1', '2016-05-26 16:25:23', '2016-05-26 16:25:23', 'a6a1b797-7ede-4f62-b49f-2fe3bce53f64'),
 ('2', '2', 'en_us', 'homepage', '__home__', '1', '2016-05-26 16:25:24', '2016-06-03 11:48:04', 'c4f88a59-8e6a-4bdb-86cd-de3313396ebd'),
 ('4', '4', 'en_us', 'map', NULL, '1', '2016-05-27 15:00:31', '2016-05-27 15:00:31', 'de30c82e-c1e2-4056-95c2-24c5f494f25f'),
 ('5', '5', 'en_us', 'short-vase', NULL, '1', '2016-05-31 13:58:41', '2016-06-08 17:29:24', '3fc759dd-6d69-4833-9db3-5b9fdcabf25c'),
 ('6', '6', 'en_us', 'tables', NULL, '1', '2016-05-31 14:28:54', '2016-06-08 17:29:36', 'e04a685e-73a6-437a-99f3-44e9bb4ec2eb'),
 ('9', '9', 'en_us', 'tall-vase', NULL, '1', '2016-05-31 16:34:30', '2016-06-08 17:28:15', '66e84f28-3883-4c4f-815d-e237147123c7'),
 ('10', '10', 'en_us', 'cushion', NULL, '1', '2016-05-31 16:34:42', '2016-06-08 17:29:56', 'afd21fb2-419c-4b9d-9e8c-f31f604e096a'),
 ('11', '11', 'en_us', 'lamp', NULL, '1', '2016-06-03 09:41:20', '2016-06-08 17:30:12', '99b8ebc5-5eec-4e0f-9b59-778a00d52c6c'),
 ('12', '12', 'en_us', '', NULL, '1', '2016-06-03 10:18:48', '2016-06-03 11:48:04', '4cc87649-b84c-4cd6-b487-f6a35ce5ba65'),
 ('13', '13', 'en_us', '', NULL, '1', '2016-06-03 10:18:49', '2016-06-03 11:48:05', '3a625bcc-8642-4591-95f8-fb74aae38559'),
 ('14', '14', 'en_us', '', NULL, '1', '2016-06-03 10:18:49', '2016-06-03 11:48:05', '952ad8c4-783d-4856-bd59-b7d40676981c'),
 ('17', '17', 'en_us', '', NULL, '1', '2016-06-03 11:48:05', '2016-06-03 11:48:05', '341a6d0b-dac6-4812-92b4-89e3ac4fe521'),
 ('18', '18', 'en_us', 'living-room', NULL, '1', '2016-06-03 15:19:51', '2016-06-03 15:19:51', '3a1c7ce6-2525-4aae-8ec5-3d570d3bb3ff'),
 ('19', '19', 'en_us', 'logo', NULL, '1', '2016-06-03 15:20:30', '2016-06-03 15:20:30', '09cfd9c6-64ee-4e3b-8097-b471b3ed9008'),
 ('20', '20', 'en_us', 'dummy-pdf', NULL, '1', '2016-06-03 15:20:43', '2016-06-03 15:20:43', '79dfef6b-5793-4648-b1a4-5f49070cc74e');



DROP TABLE IF EXISTS `craft_emailmessages`;


--
-- Schema for table `craft_emailmessages`
--
CREATE TABLE `craft_emailmessages` (
  `id` int(11) NOT NULL AUTO_INCREMENT,
  `key` char(150) COLLATE utf8_unicode_ci NOT NULL,
  `locale` char(12) COLLATE utf8_unicode_ci NOT NULL,
  `subject` varchar(1000) COLLATE utf8_unicode_ci NOT NULL,
  `body` text COLLATE utf8_unicode_ci NOT NULL,
  `dateCreated` datetime NOT NULL,
  `dateUpdated` datetime NOT NULL,
  `uid` char(36) COLLATE utf8_unicode_ci NOT NULL DEFAULT '0',
  PRIMARY KEY (`id`),
  UNIQUE KEY `craft_emailmessages_key_locale_unq_idx` (`key`,`locale`),
  KEY `craft_emailmessages_locale_fk` (`locale`)
) ENGINE=InnoDB DEFAULT CHARSET=utf8 COLLATE=utf8_unicode_ci;

DROP TABLE IF EXISTS `craft_entries`;


--
-- Schema for table `craft_entries`
--
CREATE TABLE `craft_entries` (
  `id` int(11) NOT NULL,
  `sectionId` int(11) NOT NULL,
  `typeId` int(11) DEFAULT NULL,
  `authorId` int(11) DEFAULT NULL,
  `postDate` datetime DEFAULT NULL,
  `expiryDate` datetime DEFAULT NULL,
  `dateCreated` datetime NOT NULL,
  `dateUpdated` datetime NOT NULL,
  `uid` char(36) COLLATE utf8_unicode_ci NOT NULL DEFAULT '0',
  PRIMARY KEY (`id`),
  KEY `craft_entries_sectionId_idx` (`sectionId`),
  KEY `craft_entries_typeId_idx` (`typeId`),
  KEY `craft_entries_postDate_idx` (`postDate`),
  KEY `craft_entries_expiryDate_idx` (`expiryDate`),
  KEY `craft_entries_authorId_fk` (`authorId`)
) ENGINE=InnoDB DEFAULT CHARSET=utf8 COLLATE=utf8_unicode_ci;

--
-- Data for table `craft_entries`
--

INSERT INTO `craft_entries` (`id`, `sectionId`, `typeId`, `authorId`, `postDate`, `expiryDate`, `dateCreated`, `dateUpdated`, `uid`) VALUES
 ('2', '1', NULL, NULL, '2016-05-26 16:25:24', NULL, '2016-05-26 16:25:24', '2016-06-03 11:48:05', 'b1c02a01-6071-44a1-a9ed-a6c2eb82be9a'),
 ('5', '3', '3', '1', '2016-05-31 13:58:00', NULL, '2016-05-31 13:58:41', '2016-06-08 17:29:24', '4053679c-c6a8-4366-8fff-f9edaf1747f2'),
 ('6', '3', '3', '1', '2016-05-31 14:28:00', NULL, '2016-05-31 14:28:54', '2016-06-08 17:29:36', 'd719e34f-884c-46c6-bef8-1a1a7d81bf84'),
 ('9', '3', '3', '1', '2016-05-31 16:34:00', NULL, '2016-05-31 16:34:30', '2016-06-08 17:28:15', 'f43bd37e-b661-40bc-8b51-74a14eb2588b'),
 ('10', '3', '3', '1', '2016-05-31 16:34:00', NULL, '2016-05-31 16:34:42', '2016-06-08 17:29:56', 'fdf54a95-8284-42ab-bded-56a7c9de3467'),
 ('11', '3', '3', '1', '2016-06-03 09:41:00', NULL, '2016-06-03 09:41:20', '2016-06-08 17:30:12', 'f697d37b-d048-44c1-8a1a-0844b9033131');



DROP TABLE IF EXISTS `craft_entrydrafts`;


--
-- Schema for table `craft_entrydrafts`
--
CREATE TABLE `craft_entrydrafts` (
  `id` int(11) NOT NULL AUTO_INCREMENT,
  `entryId` int(11) NOT NULL,
  `sectionId` int(11) NOT NULL,
  `creatorId` int(11) NOT NULL,
  `locale` char(12) COLLATE utf8_unicode_ci NOT NULL,
  `name` varchar(255) COLLATE utf8_unicode_ci NOT NULL,
  `notes` tinytext COLLATE utf8_unicode_ci,
  `data` mediumtext COLLATE utf8_unicode_ci NOT NULL,
  `dateCreated` datetime NOT NULL,
  `dateUpdated` datetime NOT NULL,
  `uid` char(36) COLLATE utf8_unicode_ci NOT NULL DEFAULT '0',
  PRIMARY KEY (`id`),
  KEY `craft_entrydrafts_entryId_locale_idx` (`entryId`,`locale`),
  KEY `craft_entrydrafts_sectionId_fk` (`sectionId`),
  KEY `craft_entrydrafts_creatorId_fk` (`creatorId`),
  KEY `craft_entrydrafts_locale_fk` (`locale`)
) ENGINE=InnoDB DEFAULT CHARSET=utf8 COLLATE=utf8_unicode_ci;

DROP TABLE IF EXISTS `craft_entrytypes`;


--
-- Schema for table `craft_entrytypes`
--
CREATE TABLE `craft_entrytypes` (
  `id` int(11) NOT NULL AUTO_INCREMENT,
  `sectionId` int(11) NOT NULL,
  `fieldLayoutId` int(11) DEFAULT NULL,
  `name` varchar(255) COLLATE utf8_unicode_ci NOT NULL,
  `handle` varchar(255) COLLATE utf8_unicode_ci NOT NULL,
  `hasTitleField` tinyint(1) unsigned NOT NULL DEFAULT '1',
  `titleLabel` varchar(255) COLLATE utf8_unicode_ci DEFAULT 'Title',
  `titleFormat` varchar(255) COLLATE utf8_unicode_ci DEFAULT NULL,
  `sortOrder` smallint(6) unsigned DEFAULT NULL,
  `dateCreated` datetime NOT NULL,
  `dateUpdated` datetime NOT NULL,
  `uid` char(36) COLLATE utf8_unicode_ci NOT NULL DEFAULT '0',
  PRIMARY KEY (`id`),
  UNIQUE KEY `craft_entrytypes_name_sectionId_unq_idx` (`name`,`sectionId`),
  UNIQUE KEY `craft_entrytypes_handle_sectionId_unq_idx` (`handle`,`sectionId`),
  KEY `craft_entrytypes_sectionId_fk` (`sectionId`),
  KEY `craft_entrytypes_fieldLayoutId_fk` (`fieldLayoutId`)
) ENGINE=InnoDB AUTO_INCREMENT=4 DEFAULT CHARSET=utf8 COLLATE=utf8_unicode_ci;

--
-- Data for table `craft_entrytypes`
--

INSERT INTO `craft_entrytypes` (`id`, `sectionId`, `fieldLayoutId`, `name`, `handle`, `hasTitleField`, `titleLabel`, `titleFormat`, `sortOrder`, `dateCreated`, `dateUpdated`, `uid`) VALUES
 ('1', '1', '32', 'Homepage', 'homepage', '1', 'Title', NULL, NULL, '2016-05-26 16:25:24', '2016-06-03 10:38:56', '014d3d5b-5846-4a61-a379-c989de396e73'),
 ('3', '3', '39', 'Products', 'products', '1', 'Title', NULL, NULL, '2016-05-27 14:55:49', '2016-06-08 17:27:41', '67b6e0a8-ef7c-4e17-882c-493b956a1ab0');



DROP TABLE IF EXISTS `craft_entryversions`;


--
-- Schema for table `craft_entryversions`
--
CREATE TABLE `craft_entryversions` (
  `id` int(11) NOT NULL AUTO_INCREMENT,
  `entryId` int(11) NOT NULL,
  `sectionId` int(11) NOT NULL,
  `creatorId` int(11) DEFAULT NULL,
  `locale` char(12) COLLATE utf8_unicode_ci NOT NULL,
  `num` smallint(6) unsigned NOT NULL,
  `notes` tinytext COLLATE utf8_unicode_ci,
  `data` mediumtext COLLATE utf8_unicode_ci NOT NULL,
  `dateCreated` datetime NOT NULL,
  `dateUpdated` datetime NOT NULL,
  `uid` char(36) COLLATE utf8_unicode_ci NOT NULL DEFAULT '0',
  PRIMARY KEY (`id`),
  KEY `craft_entryversions_entryId_locale_idx` (`entryId`,`locale`),
  KEY `craft_entryversions_sectionId_fk` (`sectionId`),
  KEY `craft_entryversions_creatorId_fk` (`creatorId`),
  KEY `craft_entryversions_locale_fk` (`locale`)
) ENGINE=InnoDB AUTO_INCREMENT=77 DEFAULT CHARSET=utf8 COLLATE=utf8_unicode_ci;

--
-- Data for table `craft_entryversions`
--

INSERT INTO `craft_entryversions` (`id`, `entryId`, `sectionId`, `creatorId`, `locale`, `num`, `notes`, `data`, `dateCreated`, `dateUpdated`, `uid`) VALUES
 ('1', '2', '1', '1', 'en_us', '1', NULL, '{\"typeId\":\"1\",\"authorId\":null,\"title\":\"Homepage\",\"slug\":\"homepage\",\"postDate\":1464279924,\"expiryDate\":null,\"enabled\":1,\"parentId\":null,\"fields\":[]}', '2016-05-26 16:25:24', '2016-05-26 16:25:24', 'a1a17e96-c982-486f-b01b-e295101fbb50'),
 ('2', '2', '1', '1', 'en_us', '2', NULL, '{\"typeId\":null,\"authorId\":null,\"title\":\"Welcome to Fakemaps!\",\"slug\":\"homepage\",\"postDate\":1464279924,\"expiryDate\":null,\"enabled\":\"1\",\"parentId\":null,\"fields\":{\"1\":\"<p>It\\u2019s true, this site doesn\\u2019t have a whole lot of content yet, but don\\u2019t worry. Our web developers have just installed the CMS, and they\\u2019re setting things up for the content editors this very moment. Soon Fakemaps will be an oasis of fresh perspectives, sharp analyses, and astute opinions that will keep you coming back again and again.<\\/p>\"}}', '2016-05-26 16:25:24', '2016-05-26 16:25:24', 'b7fedefc-5feb-4e58-92dc-d17cd4620f82'),
 ('4', '5', '3', '1', 'en_us', '1', '', '{\"typeId\":null,\"authorId\":\"1\",\"title\":\"Testing\",\"slug\":\"testing\",\"postDate\":1464703080,\"expiryDate\":null,\"enabled\":1,\"parentId\":null,\"fields\":{\"7\":\"\",\"6\":{\"lat\":\"\",\"lng\":\"\",\"zoom\":\"\",\"address\":\"\"}}}', '2016-05-31 13:58:41', '2016-05-31 13:58:41', '30ecc44a-3949-48b8-9070-fd78e742760e'),
 ('5', '5', '3', '1', 'en_us', '2', '', '{\"typeId\":\"3\",\"authorId\":\"1\",\"title\":\"Testing\",\"slug\":\"testing\",\"postDate\":1464703080,\"expiryDate\":null,\"enabled\":1,\"parentId\":null,\"fields\":{\"7\":\"\",\"6\":{\"lat\":\"function (){return a}\",\"lng\":\"function (){return b}\",\"zoom\":\"\",\"address\":\"Chillington House, St Faith\'s St, Maidstone, Kent ME14 1LH, UK\"}}}', '2016-05-31 14:02:44', '2016-05-31 14:02:44', '76dfabf7-2240-41d7-99db-c9764847456f'),
 ('6', '5', '3', '1', 'en_us', '3', '', '{\"typeId\":\"3\",\"authorId\":\"1\",\"title\":\"Testing\",\"slug\":\"testing\",\"postDate\":1464703080,\"expiryDate\":null,\"enabled\":1,\"parentId\":null,\"fields\":{\"7\":\"\",\"6\":{\"lat\":\"function (){return a}\",\"lng\":\"function (){return b}\",\"zoom\":\"16\",\"address\":\"Chillington House, St Faith\'s St, Maidstone, Kent ME14 1LH, UK\"}}}', '2016-05-31 14:05:36', '2016-05-31 14:05:36', '62279818-891c-4494-b8e6-fbfb4c72a9d5'),
 ('7', '5', '3', '1', 'en_us', '4', '', '{\"typeId\":\"3\",\"authorId\":\"1\",\"title\":\"Testing\",\"slug\":\"testing\",\"postDate\":1464703080,\"expiryDate\":null,\"enabled\":1,\"parentId\":null,\"fields\":{\"8\":{\"x\":\"\",\"y\":\"\"},\"4\":{\"x\":\"69.8387\",\"y\":\"20.4545\"},\"7\":\"\",\"6\":{\"lat\":\"function (){return a}\",\"lng\":\"function (){return b}\",\"zoom\":\"16\",\"address\":\"Chillington House, St Faith\'s St, Maidstone, Kent ME14 1LH, UK\"}}}', '2016-05-31 14:06:57', '2016-05-31 14:06:57', 'ed958de3-7fb3-407c-a2f8-e51c840a9c19'),
 ('8', '5', '3', '1', 'en_us', '5', '', '{\"typeId\":\"3\",\"authorId\":\"1\",\"title\":\"Testing\",\"slug\":\"testing\",\"postDate\":1464703080,\"expiryDate\":null,\"enabled\":1,\"parentId\":null,\"fields\":{\"8\":{\"x\":\"\"},\"4\":{\"x\":\"57.0968\"},\"7\":\"\",\"6\":{\"lat\":\"function (){return a}\",\"lng\":\"function (){return b}\",\"zoom\":\"16\",\"address\":\"Chillington House, St Faith\'s St, Maidstone, Kent ME14 1LH, UK\"}}}', '2016-05-31 14:12:22', '2016-05-31 14:12:22', '4972dddf-884a-4bb1-aacd-0b5aa86d4319'),
 ('9', '5', '3', '1', 'en_us', '6', '', '{\"typeId\":\"3\",\"authorId\":\"1\",\"title\":\"Testing\",\"slug\":\"testing\",\"postDate\":1464703080,\"expiryDate\":null,\"enabled\":1,\"parentId\":null,\"fields\":{\"8\":{\"xPercentage\":\"81.2903\"},\"4\":{\"xPercentage\":\"33.7097\"},\"7\":\"\",\"6\":{\"lat\":\"function (){return a}\",\"lng\":\"function (){return b}\",\"zoom\":\"16\",\"address\":\"Chillington House, St Faith\'s St, Maidstone, Kent ME14 1LH, UK\"}}}', '2016-05-31 14:14:35', '2016-05-31 14:14:35', 'fc59c87f-3bd9-401f-9a0d-124411118c95'),
 ('10', '5', '3', '1', 'en_us', '7', '', '{\"typeId\":\"3\",\"authorId\":\"1\",\"title\":\"Testing\",\"slug\":\"testing\",\"postDate\":1464703080,\"expiryDate\":null,\"enabled\":1,\"parentId\":null,\"fields\":{\"8\":{\"xPercentage\":\"81.2903\",\"yPercentage\":\"\"},\"4\":{\"xPercentage\":\"0.0000\",\"yPercentage\":\"43.8636\"},\"7\":\"\",\"6\":{\"lat\":\"function (){return a}\",\"lng\":\"function (){return b}\",\"zoom\":\"16\",\"address\":\"Chillington House, St Faith\'s St, Maidstone, Kent ME14 1LH, UK\"}}}', '2016-05-31 14:16:37', '2016-05-31 14:16:37', 'a4b5e13d-a446-4fcd-aa64-f13d3300e16e'),
 ('11', '5', '3', '1', 'en_us', '8', '', '{\"typeId\":\"3\",\"authorId\":\"1\",\"title\":\"Testing\",\"slug\":\"testing\",\"postDate\":1464703080,\"expiryDate\":null,\"enabled\":1,\"parentId\":null,\"fields\":{\"8\":{\"xPercentage\":\"81.2903\",\"yPercentage\":\"\"},\"4\":{\"xPercentage\":\"8.2258\",\"yPercentage\":\"62.0455\"},\"7\":\"\",\"6\":{\"lat\":\"function (){return a}\",\"lng\":\"function (){return b}\",\"zoom\":\"16\",\"address\":\"Chillington House, St Faith\'s St, Maidstone, Kent ME14 1LH, UK\"}}}', '2016-05-31 14:17:57', '2016-05-31 14:17:57', '50c90eee-b455-4377-a2ba-f45fccd46149'),
 ('12', '5', '3', '1', 'en_us', '9', '', '{\"typeId\":\"3\",\"authorId\":\"1\",\"title\":\"Testing\",\"slug\":\"testing\",\"postDate\":1464703080,\"expiryDate\":null,\"enabled\":1,\"parentId\":null,\"fields\":{\"8\":{\"xPercentage\":\"81.2903\",\"yPercentage\":\"\"},\"4\":{\"xPercentage\":\"78.0645\",\"yPercentage\":\"76.1364\"},\"7\":\"\",\"6\":{\"lat\":\"function (){return a}\",\"lng\":\"function (){return b}\",\"zoom\":\"16\",\"address\":\"Chillington House, St Faith\'s St, Maidstone, Kent ME14 1LH, UK\"}}}', '2016-05-31 14:18:06', '2016-05-31 14:18:06', '63cfec4d-2e46-470f-af5c-ed7b852db24e'),
 ('13', '5', '3', '1', 'en_us', '10', '', '{\"typeId\":\"3\",\"authorId\":\"1\",\"title\":\"Testing\",\"slug\":\"testing\",\"postDate\":1464703080,\"expiryDate\":null,\"enabled\":1,\"parentId\":null,\"fields\":{\"8\":{\"xPercentage\":\"81.2903\",\"yPercentage\":\"\"},\"4\":{\"xPercentage\":\"7.7419\",\"yPercentage\":\"61.8182\"},\"7\":\"\",\"6\":{\"lat\":\"function (){return a}\",\"lng\":\"function (){return b}\",\"zoom\":\"16\",\"address\":\"Chillington House, St Faith\'s St, Maidstone, Kent ME14 1LH, UK\"}}}', '2016-05-31 14:18:28', '2016-05-31 14:18:28', 'c30fbb6c-d7fc-486f-b790-35fa403843dd'),
 ('14', '5', '3', '1', 'en_us', '11', '', '{\"typeId\":\"3\",\"authorId\":\"1\",\"title\":\"Testing\",\"slug\":\"testing\",\"postDate\":1464703080,\"expiryDate\":null,\"enabled\":1,\"parentId\":null,\"fields\":{\"8\":{\"xPercentage\":\"81.2903\",\"yPercentage\":\"\"},\"4\":{\"xPercentage\":\"64.1935\",\"yPercentage\":\"22.2727\"},\"7\":\"\",\"6\":{\"lat\":\"function (){return a}\",\"lng\":\"function (){return b}\",\"zoom\":\"16\",\"address\":\"Chillington House, St Faith\'s St, Maidstone, Kent ME14 1LH, UK\"}}}', '2016-05-31 14:18:58', '2016-05-31 14:18:58', '26355f66-fd65-4e55-920e-9c6f9047df0d'),
 ('15', '6', '3', '1', 'en_us', '1', '', '{\"typeId\":null,\"authorId\":\"1\",\"title\":\"Another\",\"slug\":\"another\",\"postDate\":1464704934,\"expiryDate\":null,\"enabled\":1,\"parentId\":null,\"fields\":{\"8\":{\"xPercentage\":\"\",\"yPercentage\":\"\"},\"4\":{\"xPercentage\":\"68.7097\",\"yPercentage\":\"71.3636\"},\"7\":\"\",\"6\":{\"lat\":\"\",\"lng\":\"\",\"zoom\":\"\",\"address\":\"\"}}}', '2016-05-31 14:28:54', '2016-05-31 14:28:54', '5baebf87-5efa-4752-b1fd-4366a2d0ee1f'),
 ('16', '6', '3', '1', 'en_us', '2', '', '{\"typeId\":\"3\",\"authorId\":\"1\",\"title\":\"Another\",\"slug\":\"another\",\"postDate\":1464704880,\"expiryDate\":null,\"enabled\":1,\"parentId\":null,\"fields\":{\"8\":{\"xPercentage\":\"8.0645\",\"yPercentage\":\"61.8182\"},\"4\":{\"xPercentage\":\"68.7097\",\"yPercentage\":\"71.3636\"},\"7\":\"\",\"6\":{\"lat\":\"\",\"lng\":\"\",\"zoom\":\"\",\"address\":\"\"}}}', '2016-05-31 14:29:35', '2016-05-31 14:29:35', '5a83ad3d-8a94-4a5e-a30d-8259631aaf29'),
 ('17', '6', '3', '1', 'en_us', '3', '', '{\"typeId\":\"3\",\"authorId\":\"1\",\"title\":\"Another\",\"slug\":\"another\",\"postDate\":1464704880,\"expiryDate\":null,\"enabled\":1,\"parentId\":null,\"fields\":{\"4\":{\"xPercentage\":\"68.7097\",\"yPercentage\":\"71.3636\"}}}', '2016-05-31 14:34:44', '2016-05-31 14:34:44', '6c1da0c6-f63a-41d9-91bc-e49121e38429'),
 ('21', '6', '3', '1', 'en_us', '4', '', '{\"typeId\":\"3\",\"authorId\":\"1\",\"title\":\"Another\",\"slug\":\"another\",\"postDate\":1464704880,\"expiryDate\":null,\"enabled\":1,\"parentId\":null,\"fields\":{\"4\":{\"xPercentage\":\"20.8065\",\"yPercentage\":\"27.9545\"}}}', '2016-05-31 15:48:46', '2016-05-31 15:48:46', '2ccd3bc2-8dbc-49f9-aafe-b4d0ff07dcb1'),
 ('22', '5', '3', '1', 'en_us', '12', '', '{\"typeId\":\"3\",\"authorId\":\"1\",\"title\":\"Testing\",\"slug\":\"testing\",\"postDate\":1464703080,\"expiryDate\":null,\"enabled\":1,\"parentId\":null,\"fields\":{\"4\":{\"xPercentage\":\"81.9355\",\"yPercentage\":\"62.9545\"}}}', '2016-05-31 16:01:46', '2016-05-31 16:01:46', 'ed607e8a-5347-4395-8306-99f34222c92e'),
 ('26', '6', '3', '1', 'en_us', '5', '', '{\"typeId\":\"3\",\"authorId\":\"1\",\"title\":\"Another\",\"slug\":\"another\",\"postDate\":1464704880,\"expiryDate\":null,\"enabled\":1,\"parentId\":null,\"fields\":{\"4\":{\"xPercentage\":\"34.6774\",\"yPercentage\":\"48.6328\"}}}', '2016-05-31 16:10:55', '2016-05-31 16:10:55', '23f8039e-233c-4fdc-874a-0c5043725fee'),
 ('27', '6', '3', '1', 'en_us', '6', '', '{\"typeId\":\"3\",\"authorId\":\"1\",\"title\":\"Another\",\"slug\":\"another\",\"postDate\":1464704880,\"expiryDate\":null,\"enabled\":1,\"parentId\":null,\"fields\":{\"4\":{\"xPercentage\":\"19.6774\",\"yPercentage\":\"77.7273\"}}}', '2016-05-31 16:19:31', '2016-05-31 16:19:31', 'ef2c73f8-c163-49b3-939d-7568a475bb02'),
 ('28', '9', '3', '1', 'en_us', '1', '', '{\"typeId\":null,\"authorId\":\"1\",\"title\":\"Oh look here\",\"slug\":\"oh-look-here\",\"postDate\":1464712470,\"expiryDate\":null,\"enabled\":1,\"parentId\":null,\"fields\":{\"4\":{\"xPercentage\":\"8.0645\",\"yPercentage\":\"61.3636\"}}}', '2016-05-31 16:34:30', '2016-05-31 16:34:30', '425ebef5-fa61-4858-b74c-a395f520a179'),
 ('29', '10', '3', '1', 'en_us', '1', '', '{\"typeId\":null,\"authorId\":\"1\",\"title\":\"Another\",\"slug\":\"another\",\"postDate\":1464712482,\"expiryDate\":null,\"enabled\":1,\"parentId\":null,\"fields\":{\"4\":{\"xPercentage\":\"71.4516\",\"yPercentage\":\"27.5000\"}}}', '2016-05-31 16:34:42', '2016-05-31 16:34:42', '5fcc6cea-8f4f-4cfe-921b-9d973cea87a7'),
 ('30', '10', '3', '1', 'en_us', '2', '', '{\"typeId\":\"3\",\"authorId\":\"1\",\"title\":\"Another\",\"slug\":\"another\",\"postDate\":1464712440,\"expiryDate\":null,\"enabled\":1,\"parentId\":null,\"fields\":{\"9\":{\"leftPercentage\":\"1.6129\",\"topPercentage\":\"2.2727\"}}}', '2016-06-02 11:11:08', '2016-06-02 11:11:08', '05675abd-519f-4d33-a846-649ddff83322'),
 ('31', '9', '3', '1', 'en_us', '2', '', '{\"typeId\":\"3\",\"authorId\":\"1\",\"title\":\"Oh look here\",\"slug\":\"oh-look-here\",\"postDate\":1464712440,\"expiryDate\":null,\"enabled\":1,\"parentId\":null,\"fields\":{\"9\":{\"leftPercentage\":\"9.3548\",\"topPercentage\":\"63.4091\"}}}', '2016-06-02 11:11:21', '2016-06-02 11:11:21', '2a6995c6-18b2-4547-9d2a-38c30918d1c6'),
 ('32', '9', '3', '1', 'en_us', '3', '', '{\"typeId\":\"3\",\"authorId\":\"1\",\"title\":\"Oh look here\",\"slug\":\"oh-look-here\",\"postDate\":1464712440,\"expiryDate\":null,\"enabled\":1,\"parentId\":null,\"fields\":{\"9\":{\"leftPercentage\":\"70.0000\",\"topPercentage\":\"73.1818\"}}}', '2016-06-02 11:12:51', '2016-06-02 11:12:51', '12db43b9-8ae1-4d2d-8d3c-3a43111287d2'),
 ('33', '9', '3', '1', 'en_us', '4', '', '{\"typeId\":\"3\",\"authorId\":\"1\",\"title\":\"Oh look here\",\"slug\":\"oh-look-here\",\"postDate\":1464712440,\"expiryDate\":null,\"enabled\":1,\"parentId\":null,\"fields\":{\"9\":{\"leftPercentage\":\"70.0000\",\"topPercentage\":\"73.1818\"}}}', '2016-06-02 11:21:43', '2016-06-02 11:21:43', '2e3ff30e-3b83-4439-ae27-d37322742e66'),
 ('34', '9', '3', '1', 'en_us', '5', '', '{\"typeId\":\"3\",\"authorId\":\"1\",\"title\":\"Oh look here\",\"slug\":\"oh-look-here\",\"postDate\":1464712440,\"expiryDate\":null,\"enabled\":1,\"parentId\":null,\"fields\":{\"10\":{\"leftPercentage\":\"9.3548\",\"topPercentage\":\"63.6364\"},\"9\":{\"leftPercentage\":\"70.0000\",\"topPercentage\":\"73.1818\"}}}', '2016-06-02 11:26:31', '2016-06-02 11:26:31', '39a72441-695f-417c-a024-ac75b18f0359'),
 ('35', '10', '3', '1', 'en_us', '3', '', '{\"typeId\":\"3\",\"authorId\":\"1\",\"title\":\"Another\",\"slug\":\"another\",\"postDate\":1464712440,\"expiryDate\":null,\"enabled\":1,\"parentId\":null,\"fields\":{\"10\":{\"leftPercentage\":\"72.9032\",\"topPercentage\":\"50.4545\"},\"9\":{\"leftPercentage\":\"38.2258\",\"topPercentage\":\"55.9091\"}}}', '2016-06-02 11:28:07', '2016-06-02 11:28:07', '5df9083b-d572-4908-886f-c8ad75afdff1'),
 ('36', '6', '3', '1', 'en_us', '7', '', '{\"typeId\":\"3\",\"authorId\":\"1\",\"title\":\"Another\",\"slug\":\"another\",\"postDate\":1464704880,\"expiryDate\":null,\"enabled\":1,\"parentId\":null,\"fields\":{\"10\":{\"leftPercentage\":\"71.4516\",\"topPercentage\":\"23.4091\"},\"9\":{\"leftPercentage\":\"65.1613\",\"topPercentage\":\"23.8636\"}}}', '2016-06-02 11:28:19', '2016-06-02 11:28:19', 'aaaddfb3-d5b0-415a-8571-e1007c8e7436'),
 ('37', '5', '3', '1', 'en_us', '13', '', '{\"typeId\":\"3\",\"authorId\":\"1\",\"title\":\"Testing\",\"slug\":\"testing\",\"postDate\":1464703080,\"expiryDate\":null,\"enabled\":1,\"parentId\":null,\"fields\":{\"10\":{\"leftPercentage\":\"70.3226\",\"topPercentage\":\"73.4091\"},\"9\":{\"leftPercentage\":\"61.1290\",\"topPercentage\":\"58.6364\"}}}', '2016-06-02 11:28:29', '2016-06-02 11:28:29', 'bfbab2f5-ffcb-445d-9d8b-4ed48a9a841f'),
 ('38', '9', '3', '1', 'en_us', '6', '', '{\"typeId\":\"3\",\"authorId\":\"1\",\"title\":\"Oh look here\",\"slug\":\"oh-look-here\",\"postDate\":1464712440,\"expiryDate\":null,\"enabled\":1,\"parentId\":null,\"fields\":{\"10\":{\"leftPercentage\":\"9.3548\",\"topPercentage\":\"63.6364\"},\"9\":{\"leftPercentage\":\"24.3548\",\"topPercentage\":\"15.4545\"}}}', '2016-06-02 11:38:27', '2016-06-02 11:38:27', '8300ba29-05d8-45d1-b5ca-a95854e7ad61'),
 ('39', '9', '3', '1', 'en_us', '7', '', '{\"typeId\":\"3\",\"authorId\":\"1\",\"title\":\"One\",\"slug\":\"oh-look-here\",\"postDate\":1464712440,\"expiryDate\":null,\"enabled\":1,\"parentId\":null,\"fields\":{\"10\":{\"leftPercentage\":\"9.3548\",\"topPercentage\":\"63.6364\"},\"9\":{\"leftPercentage\":\"24.3548\",\"topPercentage\":\"15.4545\"}}}', '2016-06-02 11:38:31', '2016-06-02 11:38:31', '1283b5d6-8254-488c-afb9-2463fe57e946'),
 ('40', '10', '3', '1', 'en_us', '4', '', '{\"typeId\":\"3\",\"authorId\":\"1\",\"title\":\"Two\",\"slug\":\"another\",\"postDate\":1464712440,\"expiryDate\":null,\"enabled\":1,\"parentId\":null,\"fields\":{\"10\":{\"leftPercentage\":\"72.9032\",\"topPercentage\":\"50.4545\"},\"9\":{\"leftPercentage\":\"27.2581\",\"topPercentage\":\"14.5455\"}}}', '2016-06-02 11:38:39', '2016-06-02 11:38:39', 'b7cb4685-01e2-4ef6-bcbb-0d79634de2ec'),
 ('41', '6', '3', '1', 'en_us', '8', '', '{\"typeId\":\"3\",\"authorId\":\"1\",\"title\":\"Three\",\"slug\":\"another\",\"postDate\":1464704880,\"expiryDate\":null,\"enabled\":1,\"parentId\":null,\"fields\":{\"10\":{\"leftPercentage\":\"71.4516\",\"topPercentage\":\"23.4091\"},\"9\":{\"leftPercentage\":\"30.0000\",\"topPercentage\":\"15.2273\"}}}', '2016-06-02 11:38:46', '2016-06-02 11:38:46', '4acd198e-8c6f-44d5-99a4-9e8ef8cc6277'),
 ('42', '5', '3', '1', 'en_us', '14', '', '{\"typeId\":\"3\",\"authorId\":\"1\",\"title\":\"Four\",\"slug\":\"testing\",\"postDate\":1464703080,\"expiryDate\":null,\"enabled\":1,\"parentId\":null,\"fields\":{\"10\":{\"leftPercentage\":\"70.3226\",\"topPercentage\":\"73.4091\"},\"9\":{\"leftPercentage\":\"32.5806\",\"topPercentage\":\"13.4091\"}}}', '2016-06-02 11:38:53', '2016-06-02 11:38:53', '2fb18d43-8da3-47c7-ab4e-c549a4003c7f'),
 ('43', '9', '3', '1', 'en_us', '8', '', '{\"typeId\":\"3\",\"authorId\":\"1\",\"title\":\"One\",\"slug\":\"oh-look-here\",\"postDate\":1464712440,\"expiryDate\":null,\"enabled\":1,\"parentId\":null,\"fields\":{\"14\":{\"leftPercentage\":\"29.0323\",\"topPercentage\":\"52.2727\"}}}', '2016-06-02 14:32:04', '2016-06-02 14:32:04', '93ac1777-6a97-487e-9a68-54e9cff34873'),
 ('44', '10', '3', '1', 'en_us', '5', '', '{\"typeId\":\"3\",\"authorId\":\"1\",\"title\":\"Two\",\"slug\":\"another\",\"postDate\":1464712440,\"expiryDate\":null,\"enabled\":1,\"parentId\":null,\"fields\":{\"14\":{\"leftPercentage\":\"43.8710\",\"topPercentage\":\"53.4091\"}}}', '2016-06-02 14:32:15', '2016-06-02 14:32:15', 'e0d4dad7-8348-48a9-b7c3-f4edb50a5949'),
 ('45', '6', '3', '1', 'en_us', '9', '', '{\"typeId\":\"3\",\"authorId\":\"1\",\"title\":\"Three\",\"slug\":\"another\",\"postDate\":1464704880,\"expiryDate\":null,\"enabled\":1,\"parentId\":null,\"fields\":{\"14\":{\"leftPercentage\":\"55.6452\",\"topPercentage\":\"76.8182\"}}}', '2016-06-02 14:32:23', '2016-06-02 14:32:23', 'e9a8f035-2878-45ce-a43b-5f1ff31e0896'),
 ('46', '5', '3', '1', 'en_us', '15', '', '{\"typeId\":\"3\",\"authorId\":\"1\",\"title\":\"Hospital\",\"slug\":\"testing\",\"postDate\":1464703080,\"expiryDate\":null,\"enabled\":1,\"parentId\":null,\"fields\":{\"14\":{\"leftPercentage\":\"65.1613\",\"topPercentage\":\"35.0000\"}}}', '2016-06-02 14:32:33', '2016-06-02 14:32:33', 'aac45616-ac15-44dc-804a-b52a3b8bda0b'),
 ('47', '6', '3', '1', 'en_us', '10', '', '{\"typeId\":\"3\",\"authorId\":\"1\",\"title\":\"Church\",\"slug\":\"another\",\"postDate\":1464704880,\"expiryDate\":null,\"enabled\":1,\"parentId\":null,\"fields\":{\"14\":{\"leftPercentage\":\"55.6452\",\"topPercentage\":\"76.8182\"}}}', '2016-06-02 14:32:42', '2016-06-02 14:32:42', 'f746f58c-9d7b-4e84-8454-a40fd3d5b597'),
 ('48', '10', '3', '1', 'en_us', '6', '', '{\"typeId\":\"3\",\"authorId\":\"1\",\"title\":\"Garage\",\"slug\":\"another\",\"postDate\":1464712440,\"expiryDate\":null,\"enabled\":1,\"parentId\":null,\"fields\":{\"14\":{\"leftPercentage\":\"29.6774\",\"topPercentage\":\"51.8182\"}}}', '2016-06-02 14:32:53', '2016-06-02 14:32:53', 'd0757beb-9bb0-41b0-afe1-7bde9fcd8bb0'),
 ('49', '9', '3', '1', 'en_us', '9', '', '{\"typeId\":\"3\",\"authorId\":\"1\",\"title\":\"Police Station\",\"slug\":\"oh-look-here\",\"postDate\":1464712440,\"expiryDate\":null,\"enabled\":1,\"parentId\":null,\"fields\":{\"14\":{\"leftPercentage\":\"89.0323\",\"topPercentage\":\"77.5000\"}}}', '2016-06-02 14:33:04', '2016-06-02 14:33:04', '7d78300c-cdb0-4ff2-833b-941d9b608f28'),
 ('50', '2', '1', '1', 'en_us', '3', '', '{\"typeId\":null,\"authorId\":null,\"title\":\"Homepage\",\"slug\":\"homepage\",\"postDate\":1464279924,\"expiryDate\":null,\"enabled\":1,\"parentId\":null,\"fields\":[]}', '2016-06-02 14:33:13', '2016-06-02 14:33:13', 'da34f44c-5239-4c5c-8518-71c030677280'),
 ('51', '11', '3', '1', 'en_us', '1', '', '{\"typeId\":null,\"authorId\":\"1\",\"title\":\"no-coords\",\"slug\":\"no-coords\",\"postDate\":1464946880,\"expiryDate\":null,\"enabled\":1,\"parentId\":null,\"fields\":{\"14\":{\"leftPercentage\":\"\",\"topPercentage\":\"\"}}}', '2016-06-03 09:41:20', '2016-06-03 09:41:20', '8a91ad5b-252b-4c6e-90d3-e46c25d06a70'),
 ('52', '9', '3', '1', 'en_us', '10', '', '{\"typeId\":\"3\",\"authorId\":\"1\",\"title\":\"Police Station\",\"slug\":\"oh-look-here\",\"postDate\":1464712440,\"expiryDate\":null,\"enabled\":1,\"parentId\":null,\"fields\":{\"18\":{\"leftPercentage\":\"9.3548\",\"topPercentage\":\"63.1818\"},\"14\":{\"leftPercentage\":\"89.0323\",\"topPercentage\":\"77.5000\"}}}', '2016-06-03 09:47:08', '2016-06-03 09:47:08', '2250c79d-f799-4913-954f-02e749b7ccce'),
 ('53', '10', '3', '1', 'en_us', '7', '', '{\"typeId\":\"3\",\"authorId\":\"1\",\"title\":\"Garage\",\"slug\":\"another\",\"postDate\":1464712440,\"expiryDate\":null,\"enabled\":1,\"parentId\":null,\"fields\":{\"18\":{\"leftPercentage\":\"14.0323\",\"topPercentage\":\"63.4091\"},\"14\":{\"leftPercentage\":\"29.6774\",\"topPercentage\":\"51.8182\"}}}', '2016-06-03 09:47:22', '2016-06-03 09:47:22', 'fbf58c60-81b8-4429-a447-5521295fc378'),
 ('54', '6', '3', '1', 'en_us', '11', '', '{\"typeId\":\"3\",\"authorId\":\"1\",\"title\":\"Church\",\"slug\":\"another\",\"postDate\":1464704880,\"expiryDate\":null,\"enabled\":1,\"parentId\":null,\"fields\":{\"18\":{\"leftPercentage\":\"19.0323\",\"topPercentage\":\"63.1818\"},\"14\":{\"leftPercentage\":\"55.6452\",\"topPercentage\":\"76.8182\"}}}', '2016-06-03 09:47:38', '2016-06-03 09:47:38', '98f52a42-9dfe-4eb9-a27c-304916a8985e'),
 ('55', '9', '3', '1', 'en_us', '11', '', '{\"typeId\":\"3\",\"authorId\":\"1\",\"title\":\"Police Station\",\"slug\":\"oh-look-here\",\"postDate\":1464712440,\"expiryDate\":null,\"enabled\":1,\"parentId\":null,\"fields\":{\"18\":{\"leftPercentage\":\"9.3548\",\"topPercentage\":\"63.6364\"},\"14\":{\"leftPercentage\":\"91.7742\",\"topPercentage\":\"76.3636\"}}}', '2016-06-03 09:53:47', '2016-06-03 09:53:47', 'e6fd220a-8dfd-4151-a266-5a1961a33190'),
 ('56', '11', '3', '1', 'en_us', '2', '', '{\"typeId\":\"3\",\"authorId\":\"1\",\"title\":\"no-coords\",\"slug\":\"no-coords\",\"postDate\":1464946860,\"expiryDate\":null,\"enabled\":1,\"parentId\":null,\"fields\":{\"18\":{\"leftPercentage\":\"\",\"topPercentage\":\"\"},\"14\":{\"leftPercentage\":\"\",\"topPercentage\":\"\"}}}', '2016-06-03 09:54:36', '2016-06-03 09:54:36', '5976b141-c3a7-409d-a317-2087459a6258'),
 ('57', '11', '3', '1', 'en_us', '3', '', '{\"typeId\":\"3\",\"authorId\":\"1\",\"title\":\"no-coords\",\"slug\":\"no-coords\",\"postDate\":1464946860,\"expiryDate\":null,\"enabled\":1,\"parentId\":null,\"fields\":{\"18\":{\"leftPercentage\":\"\",\"topPercentage\":\"\"},\"14\":{\"leftPercentage\":\"49.1935\",\"topPercentage\":\"50.4545\"}}}', '2016-06-03 10:02:35', '2016-06-03 10:02:35', '05d3e14e-0229-41ef-b5e7-29146dae2120'),
 ('58', '11', '3', '1', 'en_us', '4', '', '{\"typeId\":\"3\",\"authorId\":\"1\",\"title\":\"no-coords on another\",\"slug\":\"no-coords\",\"postDate\":1464946860,\"expiryDate\":null,\"enabled\":1,\"parentId\":null,\"fields\":{\"18\":{\"leftPercentage\":\"\",\"topPercentage\":\"\"},\"14\":{\"leftPercentage\":\"49.1935\",\"topPercentage\":\"50.4545\"}}}', '2016-06-03 10:02:42', '2016-06-03 10:02:42', 'e5efc75a-98a3-454b-b8b3-909d8b762790'),
 ('59', '2', '1', '1', 'en_us', '4', '', '{\"typeId\":null,\"authorId\":null,\"title\":\"Homepage\",\"slug\":\"homepage\",\"postDate\":1464279924,\"expiryDate\":null,\"enabled\":1,\"parentId\":null,\"fields\":{\"15\":{\"new1\":{\"type\":\"zone\",\"enabled\":\"1\",\"fields\":{\"zoneName\":\"One\",\"zoneCenter\":{\"leftPercentage\":\"23.7288\",\"topPercentage\":\"27.0335\"}}},\"new2\":{\"type\":\"zone\",\"enabled\":\"1\",\"fields\":{\"zoneName\":\"Two\",\"zoneCenter\":{\"leftPercentage\":\"26.1017\",\"topPercentage\":\"26.7943\"}}},\"new3\":{\"type\":\"zone\",\"enabled\":\"1\",\"fields\":{\"zoneName\":\"Three\",\"zoneCenter\":{\"leftPercentage\":\"29.3220\",\"topPercentage\":\"26.0766\"}}}}}}', '2016-06-03 10:18:49', '2016-06-03 10:18:49', '8902fb53-5a81-43b0-ab8a-2cd433e80deb'),
 ('64', '2', '1', '1', 'en_us', '5', '', '{\"typeId\":null,\"authorId\":null,\"title\":\"Homepage\",\"slug\":\"homepage\",\"postDate\":1464279924,\"expiryDate\":null,\"enabled\":1,\"parentId\":null,\"fields\":{\"18\":{\"leftPercentage\":\"24.5161\",\"topPercentage\":\"16.1364\"},\"14\":{\"leftPercentage\":\"27.7419\",\"topPercentage\":\"15.2273\"},\"15\":{\"12\":{\"type\":\"zone\",\"enabled\":\"1\",\"fields\":{\"zoneName\":\"One\",\"zoneCenter\":{\"leftPercentage\":\"23.7288\",\"topPercentage\":\"27.0335\"}}},\"13\":{\"type\":\"zone\",\"enabled\":\"1\",\"fields\":{\"zoneName\":\"Two\",\"zoneCenter\":{\"leftPercentage\":\"26.1017\",\"topPercentage\":\"26.7943\"}}},\"14\":{\"type\":\"zone\",\"enabled\":\"1\",\"fields\":{\"zoneName\":\"Three\",\"zoneCenter\":{\"leftPercentage\":\"29.3220\",\"topPercentage\":\"26.0766\"}}}}}}', '2016-06-03 11:47:38', '2016-06-03 11:47:38', '1bd45fea-3ec5-4553-958e-203e959d0bfa'),
 ('65', '2', '1', '1', 'en_us', '6', '', '{\"typeId\":null,\"authorId\":null,\"title\":\"Homepage\",\"slug\":\"homepage\",\"postDate\":1464279924,\"expiryDate\":null,\"enabled\":1,\"parentId\":null,\"fields\":{\"18\":{\"leftPercentage\":\"36.9355\",\"topPercentage\":\"14.3182\"},\"14\":{\"leftPercentage\":\"24.5161\",\"topPercentage\":\"15.6818\"},\"15\":{\"12\":{\"type\":\"zone\",\"enabled\":\"1\",\"fields\":{\"zoneName\":\"One\",\"zoneCenter\":{\"leftPercentage\":\"23.7288\",\"topPercentage\":\"27.0335\"}}},\"13\":{\"type\":\"zone\",\"enabled\":\"1\",\"fields\":{\"zoneName\":\"Two\",\"zoneCenter\":{\"leftPercentage\":\"26.1017\",\"topPercentage\":\"26.7943\"}}},\"14\":{\"type\":\"zone\",\"enabled\":\"1\",\"fields\":{\"zoneName\":\"Three\",\"zoneCenter\":{\"leftPercentage\":\"29.3220\",\"topPercentage\":\"26.0766\"}}},\"new1\":{\"type\":\"zone\",\"enabled\":\"1\",\"fields\":{\"zoneName\":\"Four\",\"zoneCenter\":{\"leftPercentage\":\"71.1864\",\"topPercentage\":\"23.4450\"}}}}}}', '2016-06-03 11:48:05', '2016-06-03 11:48:05', 'c78f99b1-f214-44a9-bc4c-8fe5c592da21'),
 ('66', '9', '3', '1', 'en_us', '12', '', '{\"typeId\":\"3\",\"authorId\":\"1\",\"title\":\"Police Station\",\"slug\":\"oh-look-here\",\"postDate\":1464712440,\"expiryDate\":null,\"enabled\":1,\"parentId\":null,\"fields\":{\"14\":{\"leftPercentage\":\"75.3226\",\"topPercentage\":\"38.1344\"},\"19\":\"\"}}', '2016-06-08 17:10:12', '2016-06-08 17:10:12', 'b9c4f8af-7c80-421e-85e7-929084cd7f34'),
 ('67', '11', '3', '1', 'en_us', '5', '', '{\"typeId\":\"3\",\"authorId\":\"1\",\"title\":\"Photos\",\"slug\":\"no-coords\",\"postDate\":1464946860,\"expiryDate\":null,\"enabled\":1,\"parentId\":null,\"fields\":{\"14\":{\"leftPercentage\":\"38.7097\",\"topPercentage\":\"11.4471\"},\"19\":\"\"}}', '2016-06-08 17:24:09', '2016-06-08 17:24:09', '4571f1df-41ce-4c89-9f39-651d05d3f6c3'),
 ('68', '10', '3', '1', 'en_us', '8', '', '{\"typeId\":\"3\",\"authorId\":\"1\",\"title\":\"Cushion\",\"slug\":\"another\",\"postDate\":1464712440,\"expiryDate\":null,\"enabled\":1,\"parentId\":null,\"fields\":{\"14\":{\"leftPercentage\":\"70.8039\",\"topPercentage\":\"63.6947\"},\"19\":\"\"}}', '2016-06-08 17:24:28', '2016-06-08 17:24:28', '14ca8bfa-6ccb-473e-adf0-f54ac231c77e'),
 ('69', '9', '3', '1', 'en_us', '13', '', '{\"typeId\":\"3\",\"authorId\":\"1\",\"title\":\"Tall Vase\",\"slug\":\"tall-vase\",\"postDate\":1464712440,\"expiryDate\":null,\"enabled\":1,\"parentId\":null,\"fields\":{\"14\":{\"leftPercentage\":\"75.3226\",\"topPercentage\":\"38.1344\"}}}', '2016-06-08 17:28:15', '2016-06-08 17:28:15', '9272da40-5007-48f6-9fcc-554119da7b73'),
 ('70', '11', '3', '1', 'en_us', '6', '', '{\"typeId\":\"3\",\"authorId\":\"1\",\"title\":\"Photos\",\"slug\":\"no-coords\",\"postDate\":1464946860,\"expiryDate\":null,\"enabled\":1,\"parentId\":null,\"fields\":{\"14\":{\"leftPercentage\":\"43.0645\",\"topPercentage\":\"25.2700\"}}}', '2016-06-08 17:28:22', '2016-06-08 17:28:22', 'f1541d36-4dc8-48da-943d-f10ec09053f9'),
 ('71', '11', '3', '1', 'en_us', '7', '', '{\"typeId\":\"3\",\"authorId\":\"1\",\"title\":\"Photos\",\"slug\":\"photos\",\"postDate\":1464946860,\"expiryDate\":null,\"enabled\":1,\"parentId\":null,\"fields\":{\"14\":{\"leftPercentage\":\"43.0645\",\"topPercentage\":\"25.2700\"}}}', '2016-06-08 17:28:27', '2016-06-08 17:28:27', 'cdb18122-03a6-43c7-ac6a-eb5841512321'),
 ('72', '5', '3', '1', 'en_us', '16', '', '{\"typeId\":\"3\",\"authorId\":\"1\",\"title\":\"Short Vase\",\"slug\":\"short-vase\",\"postDate\":1464703080,\"expiryDate\":null,\"enabled\":1,\"parentId\":null,\"fields\":{\"14\":{\"leftPercentage\":\"65.1613\",\"topPercentage\":\"35.0000\"}}}', '2016-06-08 17:28:37', '2016-06-08 17:28:37', 'fab72502-26d1-4eae-9cf0-ef20ccba1b67'),
 ('73', '5', '3', '1', 'en_us', '17', '', '{\"typeId\":\"3\",\"authorId\":\"1\",\"title\":\"Short Vase\",\"slug\":\"short-vase\",\"postDate\":1464703080,\"expiryDate\":null,\"enabled\":1,\"parentId\":null,\"fields\":{\"14\":{\"leftPercentage\":\"68.5484\",\"topPercentage\":\"42.7747\"}}}', '2016-06-08 17:29:24', '2016-06-08 17:29:24', 'd7b7d2bb-37b0-4d11-bd37-3c37b9590d77'),
 ('74', '6', '3', '1', 'en_us', '12', '', '{\"typeId\":\"3\",\"authorId\":\"1\",\"title\":\"Tables\",\"slug\":\"tables\",\"postDate\":1464704880,\"expiryDate\":null,\"enabled\":1,\"parentId\":null,\"fields\":{\"14\":{\"leftPercentage\":\"55.6452\",\"topPercentage\":\"76.8182\"}}}', '2016-06-08 17:29:36', '2016-06-08 17:29:36', 'fb190fb3-0c48-4896-8bb4-48969b5e0346'),
 ('75', '10', '3', '1', 'en_us', '9', '', '{\"typeId\":\"3\",\"authorId\":\"1\",\"title\":\"Cushion\",\"slug\":\"cushion\",\"postDate\":1464712440,\"expiryDate\":null,\"enabled\":1,\"parentId\":null,\"fields\":{\"14\":{\"leftPercentage\":\"70.8039\",\"topPercentage\":\"63.6947\"}}}', '2016-06-08 17:29:56', '2016-06-08 17:29:56', 'b56e5c51-7a4d-4956-bdd7-6476ae4d46e7'),
 ('76', '11', '3', '1', 'en_us', '8', '', '{\"typeId\":\"3\",\"authorId\":\"1\",\"title\":\"Lamp\",\"slug\":\"lamp\",\"postDate\":1464946860,\"expiryDate\":null,\"enabled\":1,\"parentId\":null,\"fields\":{\"14\":{\"leftPercentage\":\"22.9032\",\"topPercentage\":\"35.4212\"}}}', '2016-06-08 17:30:12', '2016-06-08 17:30:12', 'e1e6f667-2ace-4792-8174-383c649235d2');



DROP TABLE IF EXISTS `craft_fieldgroups`;


--
-- Schema for table `craft_fieldgroups`
--
CREATE TABLE `craft_fieldgroups` (
  `id` int(11) NOT NULL AUTO_INCREMENT,
  `name` varchar(255) COLLATE utf8_unicode_ci NOT NULL,
  `dateCreated` datetime NOT NULL,
  `dateUpdated` datetime NOT NULL,
  `uid` char(36) COLLATE utf8_unicode_ci NOT NULL DEFAULT '0',
  PRIMARY KEY (`id`),
  UNIQUE KEY `craft_fieldgroups_name_unq_idx` (`name`)
) ENGINE=InnoDB AUTO_INCREMENT=2 DEFAULT CHARSET=utf8 COLLATE=utf8_unicode_ci;

--
-- Data for table `craft_fieldgroups`
--

INSERT INTO `craft_fieldgroups` (`id`, `name`, `dateCreated`, `dateUpdated`, `uid`) VALUES
 ('1', 'Default', '2016-05-26 16:25:24', '2016-05-26 16:25:24', '4cb78213-a363-4956-87e7-42dd897a000c');



DROP TABLE IF EXISTS `craft_fieldlayoutfields`;


--
-- Schema for table `craft_fieldlayoutfields`
--
CREATE TABLE `craft_fieldlayoutfields` (
  `id` int(11) NOT NULL AUTO_INCREMENT,
  `layoutId` int(11) NOT NULL,
  `tabId` int(11) NOT NULL,
  `fieldId` int(11) NOT NULL,
  `required` tinyint(1) unsigned NOT NULL DEFAULT '0',
  `sortOrder` smallint(6) unsigned DEFAULT NULL,
  `dateCreated` datetime NOT NULL,
  `dateUpdated` datetime NOT NULL,
  `uid` char(36) COLLATE utf8_unicode_ci NOT NULL DEFAULT '0',
  PRIMARY KEY (`id`),
  UNIQUE KEY `craft_fieldlayoutfields_layoutId_fieldId_unq_idx` (`layoutId`,`fieldId`),
  KEY `craft_fieldlayoutfields_sortOrder_idx` (`sortOrder`),
  KEY `craft_fieldlayoutfields_tabId_fk` (`tabId`),
  KEY `craft_fieldlayoutfields_fieldId_fk` (`fieldId`)
) ENGINE=InnoDB AUTO_INCREMENT=59 DEFAULT CHARSET=utf8 COLLATE=utf8_unicode_ci;

--
-- Data for table `craft_fieldlayoutfields`
--

INSERT INTO `craft_fieldlayoutfields` (`id`, `layoutId`, `tabId`, `fieldId`, `required`, `sortOrder`, `dateCreated`, `dateUpdated`, `uid`) VALUES
 ('49', '31', '24', '16', '0', '1', '2016-06-03 10:20:23', '2016-06-03 10:20:23', '1ef06e9c-8143-4c42-b236-5918b6827534'),
 ('50', '31', '24', '17', '0', '2', '2016-06-03 10:20:23', '2016-06-03 10:20:23', 'd4b16ced-2a17-457f-9e29-2e8e346a635b'),
 ('51', '32', '25', '14', '0', '1', '2016-06-03 10:38:56', '2016-06-03 10:38:56', 'dcded383-ed98-44be-bac9-3282f64cde4c'),
 ('53', '32', '25', '15', '0', '3', '2016-06-03 10:38:56', '2016-06-03 10:38:56', '326361a0-24c1-4db1-a9ff-b1d3cfec2bb9'),
 ('58', '39', '28', '14', '0', '1', '2016-06-08 17:27:41', '2016-06-08 17:27:41', '53276c22-7b8d-4bd3-adc2-afb4dd64a7db');



DROP TABLE IF EXISTS `craft_fieldlayouts`;


--
-- Schema for table `craft_fieldlayouts`
--
CREATE TABLE `craft_fieldlayouts` (
  `id` int(11) NOT NULL AUTO_INCREMENT,
  `type` varchar(150) COLLATE utf8_unicode_ci NOT NULL,
  `dateCreated` datetime NOT NULL,
  `dateUpdated` datetime NOT NULL,
  `uid` char(36) COLLATE utf8_unicode_ci NOT NULL DEFAULT '0',
  PRIMARY KEY (`id`),
  KEY `craft_fieldlayouts_type_idx` (`type`)
) ENGINE=InnoDB AUTO_INCREMENT=40 DEFAULT CHARSET=utf8 COLLATE=utf8_unicode_ci;

--
-- Data for table `craft_fieldlayouts`
--

INSERT INTO `craft_fieldlayouts` (`id`, `type`, `dateCreated`, `dateUpdated`, `uid`) VALUES
 ('1', 'Tag', '2016-05-26 16:25:24', '2016-05-26 16:25:24', '12ba22ca-1ba9-4416-a8f1-150f6efe1bac'),
 ('31', 'MatrixBlock', '2016-06-03 10:20:23', '2016-06-03 10:20:23', '670e824a-79ac-4a09-bd0e-1910b31fc313'),
 ('32', 'Entry', '2016-06-03 10:38:56', '2016-06-03 10:38:56', '8a9d8467-86ea-4872-b035-1e05fbc97c38'),
 ('37', 'Asset', '2016-06-03 15:21:21', '2016-06-03 15:21:21', '4bb92a67-4287-4774-b2dc-1b853e66a3af'),
 ('38', 'Asset', '2016-06-03 15:21:30', '2016-06-03 15:21:30', 'd9aa51ab-2d58-4429-bc06-38e43ddde7b4'),
 ('39', 'Entry', '2016-06-08 17:27:41', '2016-06-08 17:27:41', '167d0cda-1147-434b-9f23-e853dd112088');



DROP TABLE IF EXISTS `craft_fieldlayouttabs`;


--
-- Schema for table `craft_fieldlayouttabs`
--
CREATE TABLE `craft_fieldlayouttabs` (
  `id` int(11) NOT NULL AUTO_INCREMENT,
  `layoutId` int(11) NOT NULL,
  `name` varchar(255) COLLATE utf8_unicode_ci NOT NULL,
  `sortOrder` smallint(6) unsigned DEFAULT NULL,
  `dateCreated` datetime NOT NULL,
  `dateUpdated` datetime NOT NULL,
  `uid` char(36) COLLATE utf8_unicode_ci NOT NULL DEFAULT '0',
  PRIMARY KEY (`id`),
  KEY `craft_fieldlayouttabs_sortOrder_idx` (`sortOrder`),
  KEY `craft_fieldlayouttabs_layoutId_fk` (`layoutId`)
) ENGINE=InnoDB AUTO_INCREMENT=29 DEFAULT CHARSET=utf8 COLLATE=utf8_unicode_ci;

--
-- Data for table `craft_fieldlayouttabs`
--

INSERT INTO `craft_fieldlayouttabs` (`id`, `layoutId`, `name`, `sortOrder`, `dateCreated`, `dateUpdated`, `uid`) VALUES
 ('24', '31', 'Content', '1', '2016-06-03 10:20:23', '2016-06-03 10:20:23', '8ad5acac-8e2a-49f3-aeb9-b682af114b53'),
 ('25', '32', 'Content', '1', '2016-06-03 10:38:56', '2016-06-03 10:38:56', 'dad69033-9418-4cdd-871d-c400e5a9f05f'),
 ('28', '39', 'Tab 1', '1', '2016-06-08 17:27:41', '2016-06-08 17:27:41', '413e6cc8-cd9f-4e1b-a041-b7db3e622688');



DROP TABLE IF EXISTS `craft_fields`;


--
-- Schema for table `craft_fields`
--
CREATE TABLE `craft_fields` (
  `id` int(11) NOT NULL AUTO_INCREMENT,
  `groupId` int(11) DEFAULT NULL,
  `name` varchar(255) COLLATE utf8_unicode_ci NOT NULL,
  `handle` varchar(58) COLLATE utf8_unicode_ci NOT NULL,
  `context` varchar(255) COLLATE utf8_unicode_ci NOT NULL DEFAULT 'global',
  `instructions` text COLLATE utf8_unicode_ci,
  `translatable` tinyint(1) unsigned NOT NULL DEFAULT '0',
  `type` varchar(150) COLLATE utf8_unicode_ci NOT NULL,
  `settings` text COLLATE utf8_unicode_ci,
  `dateCreated` datetime NOT NULL,
  `dateUpdated` datetime NOT NULL,
  `uid` char(36) COLLATE utf8_unicode_ci NOT NULL DEFAULT '0',
  PRIMARY KEY (`id`),
  UNIQUE KEY `craft_fields_handle_context_unq_idx` (`handle`,`context`),
  KEY `craft_fields_context_idx` (`context`),
  KEY `craft_fields_groupId_fk` (`groupId`)
) ENGINE=InnoDB AUTO_INCREMENT=18 DEFAULT CHARSET=utf8 COLLATE=utf8_unicode_ci;

--
-- Data for table `craft_fields`
--

INSERT INTO `craft_fields` (`id`, `groupId`, `name`, `handle`, `context`, `instructions`, `translatable`, `type`, `settings`, `dateCreated`, `dateUpdated`, `uid`) VALUES
 ('14', '1', 'Product Photo', 'productPhoto', 'global', '', '0', 'Donkeytail_Canvas', '{\"canvasImageId\":[\"18\"],\"showSiblings\":\"1\",\"dotType\":\"circle\",\"dotWidth\":\"16\",\"dotColor\":\"#ff2600\"}', '2016-06-02 14:29:37', '2016-06-08 17:27:57', '35b4e1fc-c933-44f0-8c3e-30665cd58532'),
 ('15', '1', 'MatrixTest', 'matrixtest', 'global', '', '0', 'Matrix', '{\"maxBlocks\":null}', '2016-06-02 17:31:03', '2016-06-03 10:20:23', 'df2a88a3-d03a-42ea-9030-944766798f14'),
 ('16', NULL, 'Zone Name', 'zoneName', 'matrixBlockType:2', '', '0', 'PlainText', '{\"placeholder\":\"\",\"maxLength\":\"\",\"multiline\":\"\",\"initialRows\":\"4\"}', '2016-06-02 17:31:03', '2016-06-03 10:20:23', '9580e336-eccf-4e21-8b2a-4ebe43484bfa'),
 ('17', NULL, 'Zone Center', 'zoneCenter', 'matrixBlockType:2', '', '0', 'Donkeytail_Canvas', '{\"assetPath\":\"\\/uploads\\/donkeytail-canvas.jpg\",\"showSiblings\":\"1\",\"dotType\":\"pin\",\"dotWidth\":\"20\",\"dotColor\":\"#797979\"}', '2016-06-02 17:31:03', '2016-06-03 10:20:23', '34d92ace-2e96-466c-81d7-ff7191546359');



DROP TABLE IF EXISTS `craft_globalsets`;


--
-- Schema for table `craft_globalsets`
--
CREATE TABLE `craft_globalsets` (
  `id` int(11) NOT NULL,
  `name` varchar(255) COLLATE utf8_unicode_ci NOT NULL,
  `handle` varchar(255) COLLATE utf8_unicode_ci NOT NULL,
  `fieldLayoutId` int(10) DEFAULT NULL,
  `dateCreated` datetime NOT NULL,
  `dateUpdated` datetime NOT NULL,
  `uid` char(36) COLLATE utf8_unicode_ci NOT NULL DEFAULT '0',
  PRIMARY KEY (`id`),
  UNIQUE KEY `craft_globalsets_name_unq_idx` (`name`),
  UNIQUE KEY `craft_globalsets_handle_unq_idx` (`handle`),
  KEY `craft_globalsets_fieldLayoutId_fk` (`fieldLayoutId`)
) ENGINE=InnoDB DEFAULT CHARSET=utf8 COLLATE=utf8_unicode_ci;

DROP TABLE IF EXISTS `craft_info`;


--
-- Schema for table `craft_info`
--
CREATE TABLE `craft_info` (
  `id` int(11) NOT NULL AUTO_INCREMENT,
  `version` varchar(15) COLLATE utf8_unicode_ci NOT NULL,
  `build` int(11) unsigned NOT NULL,
  `schemaVersion` varchar(15) COLLATE utf8_unicode_ci NOT NULL,
  `releaseDate` datetime NOT NULL,
  `edition` tinyint(1) unsigned NOT NULL DEFAULT '0',
  `siteName` varchar(100) COLLATE utf8_unicode_ci NOT NULL,
  `siteUrl` varchar(255) COLLATE utf8_unicode_ci NOT NULL,
  `timezone` varchar(30) COLLATE utf8_unicode_ci DEFAULT NULL,
  `on` tinyint(1) unsigned NOT NULL DEFAULT '0',
  `maintenance` tinyint(1) unsigned NOT NULL DEFAULT '0',
  `track` varchar(40) COLLATE utf8_unicode_ci NOT NULL,
  `dateCreated` datetime NOT NULL,
  `dateUpdated` datetime NOT NULL,
  `uid` char(36) COLLATE utf8_unicode_ci NOT NULL DEFAULT '0',
  PRIMARY KEY (`id`)
) ENGINE=InnoDB AUTO_INCREMENT=2 DEFAULT CHARSET=utf8 COLLATE=utf8_unicode_ci;

--
-- Data for table `craft_info`
--

INSERT INTO `craft_info` (`id`, `version`, `build`, `schemaVersion`, `releaseDate`, `edition`, `siteName`, `siteUrl`, `timezone`, `on`, `maintenance`, `track`, `dateCreated`, `dateUpdated`, `uid`) VALUES
 ('1', '2.6', '2789', '2.6.5', '2016-05-26 08:10:05', '0', 'Donkeytail Demo', 'http://donkeytail', 'UTC', '1', '1', 'stable', '2016-05-26 16:25:22', '2016-06-28 15:17:01', '44f7d1f2-2173-4137-8a3e-6b2386fd6214');



DROP TABLE IF EXISTS `craft_locales`;


--
-- Schema for table `craft_locales`
--
CREATE TABLE `craft_locales` (
  `locale` char(12) COLLATE utf8_unicode_ci NOT NULL,
  `sortOrder` smallint(6) unsigned DEFAULT NULL,
  `dateCreated` datetime NOT NULL,
  `dateUpdated` datetime NOT NULL,
  `uid` char(36) COLLATE utf8_unicode_ci NOT NULL DEFAULT '0',
  PRIMARY KEY (`locale`),
  KEY `craft_locales_sortOrder_idx` (`sortOrder`)
) ENGINE=InnoDB DEFAULT CHARSET=utf8 COLLATE=utf8_unicode_ci;

--
-- Data for table `craft_locales`
--

INSERT INTO `craft_locales` (`locale`, `sortOrder`, `dateCreated`, `dateUpdated`, `uid`) VALUES
 ('en_us', '1', '2016-05-26 16:25:22', '2016-05-26 16:25:22', 'ef7db687-6117-46b8-8dd1-85d832dd7ff5');



DROP TABLE IF EXISTS `craft_matrixblocks`;


--
-- Schema for table `craft_matrixblocks`
--
CREATE TABLE `craft_matrixblocks` (
  `id` int(11) NOT NULL,
  `ownerId` int(11) NOT NULL,
  `fieldId` int(11) NOT NULL,
  `typeId` int(11) DEFAULT NULL,
  `sortOrder` smallint(6) unsigned DEFAULT NULL,
  `ownerLocale` char(12) COLLATE utf8_unicode_ci DEFAULT NULL,
  `dateCreated` datetime NOT NULL,
  `dateUpdated` datetime NOT NULL,
  `uid` char(36) COLLATE utf8_unicode_ci NOT NULL DEFAULT '0',
  PRIMARY KEY (`id`),
  KEY `craft_matrixblocks_ownerId_idx` (`ownerId`),
  KEY `craft_matrixblocks_fieldId_idx` (`fieldId`),
  KEY `craft_matrixblocks_typeId_idx` (`typeId`),
  KEY `craft_matrixblocks_sortOrder_idx` (`sortOrder`),
  KEY `craft_matrixblocks_ownerLocale_fk` (`ownerLocale`)
) ENGINE=InnoDB DEFAULT CHARSET=utf8 COLLATE=utf8_unicode_ci;

--
-- Data for table `craft_matrixblocks`
--

INSERT INTO `craft_matrixblocks` (`id`, `ownerId`, `fieldId`, `typeId`, `sortOrder`, `ownerLocale`, `dateCreated`, `dateUpdated`, `uid`) VALUES
 ('12', '2', '15', '2', '1', NULL, '2016-06-03 10:18:48', '2016-06-03 11:48:05', 'c2ed2301-9097-43f2-913d-d2a6dc17bc20'),
 ('13', '2', '15', '2', '2', NULL, '2016-06-03 10:18:49', '2016-06-03 11:48:05', '2dd6ed58-427f-4008-984e-e72ae7be7c40'),
 ('14', '2', '15', '2', '3', NULL, '2016-06-03 10:18:49', '2016-06-03 11:48:05', 'fdd0d2d2-aabe-4423-8574-910717924405'),
 ('17', '2', '15', '2', '4', NULL, '2016-06-03 11:48:05', '2016-06-03 11:48:05', '78d70628-d3a4-4adb-bb4e-6cbbafe8b8af');



DROP TABLE IF EXISTS `craft_matrixblocktypes`;


--
-- Schema for table `craft_matrixblocktypes`
--
CREATE TABLE `craft_matrixblocktypes` (
  `id` int(11) NOT NULL AUTO_INCREMENT,
  `fieldId` int(11) NOT NULL,
  `fieldLayoutId` int(11) DEFAULT NULL,
  `name` varchar(255) COLLATE utf8_unicode_ci NOT NULL,
  `handle` varchar(255) COLLATE utf8_unicode_ci NOT NULL,
  `sortOrder` smallint(6) unsigned DEFAULT NULL,
  `dateCreated` datetime NOT NULL,
  `dateUpdated` datetime NOT NULL,
  `uid` char(36) COLLATE utf8_unicode_ci NOT NULL DEFAULT '0',
  PRIMARY KEY (`id`),
  UNIQUE KEY `craft_matrixblocktypes_name_fieldId_unq_idx` (`name`,`fieldId`),
  UNIQUE KEY `craft_matrixblocktypes_handle_fieldId_unq_idx` (`handle`,`fieldId`),
  KEY `craft_matrixblocktypes_fieldId_fk` (`fieldId`),
  KEY `craft_matrixblocktypes_fieldLayoutId_fk` (`fieldLayoutId`)
) ENGINE=InnoDB AUTO_INCREMENT=3 DEFAULT CHARSET=utf8 COLLATE=utf8_unicode_ci;

--
-- Data for table `craft_matrixblocktypes`
--

INSERT INTO `craft_matrixblocktypes` (`id`, `fieldId`, `fieldLayoutId`, `name`, `handle`, `sortOrder`, `dateCreated`, `dateUpdated`, `uid`) VALUES
 ('2', '15', '31', 'Zone', 'zone', '1', '2016-06-02 17:31:03', '2016-06-03 10:20:23', '34579a01-0eb8-4dcc-b1f9-dc47da2eaf2e');



DROP TABLE IF EXISTS `craft_matrixcontent_matrixtest`;


--
-- Schema for table `craft_matrixcontent_matrixtest`
--
CREATE TABLE `craft_matrixcontent_matrixtest` (
  `id` int(11) NOT NULL AUTO_INCREMENT,
  `elementId` int(11) NOT NULL,
  `locale` char(12) COLLATE utf8_unicode_ci NOT NULL,
  `field_zone_zoneName` text COLLATE utf8_unicode_ci,
  `field_zone_zoneCenter` text COLLATE utf8_unicode_ci,
  `dateCreated` datetime NOT NULL,
  `dateUpdated` datetime NOT NULL,
  `uid` char(36) COLLATE utf8_unicode_ci NOT NULL DEFAULT '0',
  PRIMARY KEY (`id`),
  UNIQUE KEY `craft_matrixcontent_matrixtest_elementId_locale_unq_idx` (`elementId`,`locale`),
  KEY `craft_matrixcontent_matrixtest_locale_fk` (`locale`)
) ENGINE=InnoDB AUTO_INCREMENT=5 DEFAULT CHARSET=utf8 COLLATE=utf8_unicode_ci;

--
-- Data for table `craft_matrixcontent_matrixtest`
--

INSERT INTO `craft_matrixcontent_matrixtest` (`id`, `elementId`, `locale`, `field_zone_zoneName`, `field_zone_zoneCenter`, `dateCreated`, `dateUpdated`, `uid`) VALUES
 ('1', '12', 'en_us', 'One', '{\"leftPercentage\":\"23.7288\",\"topPercentage\":\"27.0335\"}', '2016-06-03 10:18:48', '2016-06-03 11:48:04', 'd901d3e6-94ed-43ec-8a73-8df1d0f72005'),
 ('2', '13', 'en_us', 'Two', '{\"leftPercentage\":\"26.1017\",\"topPercentage\":\"26.7943\"}', '2016-06-03 10:18:48', '2016-06-03 11:48:05', '991e8cfc-7bf7-45bb-9fb7-eb8fb4396788'),
 ('3', '14', 'en_us', 'Three', '{\"leftPercentage\":\"29.3220\",\"topPercentage\":\"26.0766\"}', '2016-06-03 10:18:49', '2016-06-03 11:48:05', 'af24be67-e3ba-4f65-a0cb-1159eb289cba'),
 ('4', '17', 'en_us', 'Four', '{\"leftPercentage\":\"71.1864\",\"topPercentage\":\"23.4450\"}', '2016-06-03 11:48:05', '2016-06-03 11:48:05', '2496d23d-2339-4b5e-8310-3ee4d134788e');



DROP TABLE IF EXISTS `craft_migrations`;


--
-- Schema for table `craft_migrations`
--
CREATE TABLE `craft_migrations` (
  `id` int(11) NOT NULL AUTO_INCREMENT,
  `pluginId` int(11) DEFAULT NULL,
  `version` varchar(255) COLLATE utf8_unicode_ci NOT NULL,
  `applyTime` datetime NOT NULL,
  `dateCreated` datetime NOT NULL,
  `dateUpdated` datetime NOT NULL,
  `uid` char(36) COLLATE utf8_unicode_ci NOT NULL DEFAULT '0',
  PRIMARY KEY (`id`),
  UNIQUE KEY `craft_migrations_version_unq_idx` (`version`),
  KEY `craft_migrations_pluginId_fk` (`pluginId`)
) ENGINE=InnoDB AUTO_INCREMENT=60 DEFAULT CHARSET=utf8 COLLATE=utf8_unicode_ci;

--
-- Data for table `craft_migrations`
--

INSERT INTO `craft_migrations` (`id`, `pluginId`, `version`, `applyTime`, `dateCreated`, `dateUpdated`, `uid`) VALUES
 ('1', NULL, 'm000000_000000_base', '2016-05-26 16:25:22', '2016-05-26 16:25:22', '2016-05-26 16:25:22', 'aa8b4caf-cd2e-4e36-ac5f-e4d43bb03383'),
 ('2', NULL, 'm140730_000001_add_filename_and_format_to_transformindex', '2016-05-26 16:25:22', '2016-05-26 16:25:22', '2016-05-26 16:25:22', 'bca17aa7-4b9e-45a4-bf81-8322882d1868'),
 ('3', NULL, 'm140815_000001_add_format_to_transforms', '2016-05-26 16:25:22', '2016-05-26 16:25:22', '2016-05-26 16:25:22', 'ffdf741d-6144-4752-9f2a-e5ef1cf69ae5'),
 ('4', NULL, 'm140822_000001_allow_more_than_128_items_per_field', '2016-05-26 16:25:22', '2016-05-26 16:25:22', '2016-05-26 16:25:22', '68f83321-4d17-4509-91a3-e8c41d77a8c7'),
 ('5', NULL, 'm140829_000001_single_title_formats', '2016-05-26 16:25:22', '2016-05-26 16:25:22', '2016-05-26 16:25:22', '10c62197-6bcc-4b71-a826-4406fdc97120'),
 ('6', NULL, 'm140831_000001_extended_cache_keys', '2016-05-26 16:25:22', '2016-05-26 16:25:22', '2016-05-26 16:25:22', 'e290b287-440d-42ec-9567-b18a8333f14f'),
 ('7', NULL, 'm140922_000001_delete_orphaned_matrix_blocks', '2016-05-26 16:25:22', '2016-05-26 16:25:22', '2016-05-26 16:25:22', '22408710-fde6-48dd-a4fe-0cae2a01a908'),
 ('8', NULL, 'm141008_000001_elements_index_tune', '2016-05-26 16:25:22', '2016-05-26 16:25:22', '2016-05-26 16:25:22', '2052d310-0bfb-40d0-85f6-a01bc13d6fbc'),
 ('9', NULL, 'm141009_000001_assets_source_handle', '2016-05-26 16:25:22', '2016-05-26 16:25:22', '2016-05-26 16:25:22', 'bb6b2212-fe9d-44db-80ba-b4da6b1d5e94'),
 ('10', NULL, 'm141024_000001_field_layout_tabs', '2016-05-26 16:25:22', '2016-05-26 16:25:22', '2016-05-26 16:25:22', '6cf22b9a-97ce-4d93-91e0-b2edaeedfd37'),
 ('11', NULL, 'm141030_000000_plugin_schema_versions', '2016-05-26 16:25:22', '2016-05-26 16:25:22', '2016-05-26 16:25:22', 'abe5707b-b8de-497c-927a-6949572df8e4'),
 ('12', NULL, 'm141030_000001_drop_structure_move_permission', '2016-05-26 16:25:22', '2016-05-26 16:25:22', '2016-05-26 16:25:22', '108891e5-1ab7-4019-8843-774a684f40ce'),
 ('13', NULL, 'm141103_000001_tag_titles', '2016-05-26 16:25:22', '2016-05-26 16:25:22', '2016-05-26 16:25:22', '74320643-ba86-422a-9780-9eadf183e8ec'),
 ('14', NULL, 'm141109_000001_user_status_shuffle', '2016-05-26 16:25:22', '2016-05-26 16:25:22', '2016-05-26 16:25:22', '18ad497c-4466-4a33-8454-357d32c814ad'),
 ('15', NULL, 'm141126_000001_user_week_start_day', '2016-05-26 16:25:22', '2016-05-26 16:25:22', '2016-05-26 16:25:22', '0504c06d-33c1-4e1a-8ba9-6d2db099dbd2'),
 ('16', NULL, 'm150210_000001_adjust_user_photo_size', '2016-05-26 16:25:22', '2016-05-26 16:25:22', '2016-05-26 16:25:22', 'd89af8f4-87de-46c2-9aaf-d6066eb693fa'),
 ('17', NULL, 'm150724_000001_adjust_quality_settings', '2016-05-26 16:25:22', '2016-05-26 16:25:22', '2016-05-26 16:25:22', '1b607a56-f9e6-4a77-865e-95c723793099'),
 ('18', NULL, 'm150827_000000_element_index_settings', '2016-05-26 16:25:22', '2016-05-26 16:25:22', '2016-05-26 16:25:22', 'b51c7e8d-6f63-44ce-aea5-4b1596e644dd'),
 ('19', NULL, 'm150918_000001_add_colspan_to_widgets', '2016-05-26 16:25:22', '2016-05-26 16:25:22', '2016-05-26 16:25:22', '65b5f9b0-bc28-4c4c-a5ba-964f0badefc0'),
 ('20', NULL, 'm151007_000000_clear_asset_caches', '2016-05-26 16:25:22', '2016-05-26 16:25:22', '2016-05-26 16:25:22', '36941ec0-ba60-4b95-9011-480fc4aabb23'),
 ('21', NULL, 'm151109_000000_text_url_formats', '2016-05-26 16:25:22', '2016-05-26 16:25:22', '2016-05-26 16:25:22', '18e1fe94-c667-44af-a89d-887eee74efb0'),
 ('22', NULL, 'm151110_000000_move_logo', '2016-05-26 16:25:22', '2016-05-26 16:25:22', '2016-05-26 16:25:22', '259db3b0-9ffb-417f-b136-eddb4a11549a'),
 ('23', NULL, 'm151117_000000_adjust_image_widthheight', '2016-05-26 16:25:22', '2016-05-26 16:25:22', '2016-05-26 16:25:22', '7d6ab40a-7062-4b7d-b693-df224329eb31'),
 ('24', NULL, 'm151127_000000_clear_license_key_status', '2016-05-26 16:25:22', '2016-05-26 16:25:22', '2016-05-26 16:25:22', '82b9b6aa-265f-46f5-a52f-5325d46c8b4d'),
 ('25', NULL, 'm151127_000000_plugin_license_keys', '2016-05-26 16:25:22', '2016-05-26 16:25:22', '2016-05-26 16:25:22', 'f4bbf4cc-969b-4463-bc0c-a0209c4c04a9'),
 ('26', NULL, 'm151130_000000_update_pt_widget_feeds', '2016-05-26 16:25:22', '2016-05-26 16:25:22', '2016-05-26 16:25:22', '0cb18c5f-0b5a-45e6-b7e2-5b3d7b3376fb'),
 ('27', NULL, 'm160114_000000_asset_sources_public_url_default_true', '2016-05-26 16:25:22', '2016-05-26 16:25:22', '2016-05-26 16:25:22', '88d9aa48-8d47-42cc-8d8a-f3da3aec418c'),
 ('28', NULL, 'm160223_000000_sortorder_to_smallint', '2016-05-26 16:25:22', '2016-05-26 16:25:22', '2016-05-26 16:25:22', '549180fb-73d2-4e5a-a9f9-68e8c9edcf0d'),
 ('29', NULL, 'm160229_000000_set_default_entry_statuses', '2016-05-26 16:25:22', '2016-05-26 16:25:22', '2016-05-26 16:25:22', 'bc70c841-130e-43f0-ad42-01728461eb6c'),
 ('30', NULL, 'm160304_000000_client_permissions', '2016-05-26 16:25:22', '2016-05-26 16:25:22', '2016-05-26 16:25:22', '14642823-eb84-4768-9ffe-499376e07812'),
 ('31', NULL, 'm160322_000000_asset_filesize', '2016-05-26 16:25:22', '2016-05-26 16:25:22', '2016-05-26 16:25:22', 'c69d74ae-db03-4870-b7ef-6e83d3e55a8a'),
 ('32', NULL, 'm160503_000000_orphaned_fieldlayouts', '2016-05-26 16:25:22', '2016-05-26 16:25:22', '2016-05-26 16:25:22', 'ebc27e28-d530-4c68-b5b2-c487ae74ba88'),
 ('33', NULL, 'm160510_000000_tasksettings', '2016-05-26 16:25:22', '2016-05-26 16:25:22', '2016-05-26 16:25:22', '416051f2-3032-4292-8bcd-13eaeb7061c4'),
 ('36', '9', 'm150914_140745_youtube_AddHashTable', '2016-05-27 11:05:58', '2016-05-27 11:05:58', '2016-05-27 11:05:58', '2513bf38-25bc-4ba2-a526-0a4b6198274d'),
 ('44', '14', 'm151225_000000_seomatic_addHumansField', '2016-06-03 14:05:08', '2016-06-03 14:05:08', '2016-06-03 14:05:08', '86779c76-764e-48e4-84ae-12b83c47b96f'),
 ('45', '14', 'm151226_000000_seomatic_addTwitterFacebookFields', '2016-06-03 14:05:08', '2016-06-03 14:05:08', '2016-06-03 14:05:08', '58b12151-c5ce-4b58-a816-5adc5d3f1315'),
 ('46', '14', 'm160101_000000_seomatic_addRobotsFields', '2016-06-03 14:05:08', '2016-06-03 14:05:08', '2016-06-03 14:05:08', '09f8eacd-1918-493f-8837-b91888c6a06c'),
 ('47', '14', 'm160111_000000_seomatic_addTitleFields', '2016-06-03 14:05:08', '2016-06-03 14:05:08', '2016-06-03 14:05:08', '1f16dd45-4ffc-4164-869a-f10714e8c694'),
 ('48', '14', 'm160122_000000_seomatic_addTypeFields', '2016-06-03 14:05:08', '2016-06-03 14:05:08', '2016-06-03 14:05:08', '836bc0b9-bd5f-4199-83ee-9de4be0968fd'),
 ('49', '14', 'm160123_000000_seomatic_addOpeningHours', '2016-06-03 14:05:08', '2016-06-03 14:05:08', '2016-06-03 14:05:08', '853c5cc8-ff7b-4702-bfe9-a6ec07e508ce'),
 ('50', '14', 'm160202_000000_seomatic_addSocialHandles', '2016-06-03 14:05:08', '2016-06-03 14:05:08', '2016-06-03 14:05:08', 'f886f4fe-ecb9-43f2-96a5-8f5047d7679d'),
 ('51', '14', 'm160204_000000_seomatic_addGoogleAnalytics', '2016-06-03 14:05:08', '2016-06-03 14:05:08', '2016-06-03 14:05:08', 'fa2a8ce2-ea1a-4368-8cfa-b32e48ec1418'),
 ('52', '14', 'm160205_000000_seomatic_addResturantMenu', '2016-06-03 14:05:08', '2016-06-03 14:05:08', '2016-06-03 14:05:08', 'fa5c87b3-44e0-4f76-98d2-3c6c7b0c8733'),
 ('53', '14', 'm160206_000000_seomatic_addGoogleAnalyticsPlugins', '2016-06-03 14:05:08', '2016-06-03 14:05:08', '2016-06-03 14:05:08', '407bae33-367a-4697-9661-b1cd3be20e38'),
 ('54', '14', 'm160206_000000_seomatic_addGoogleAnalyticsSendPageView', '2016-06-03 14:05:08', '2016-06-03 14:05:08', '2016-06-03 14:05:08', 'd97f40c1-af66-4e73-bfee-cc0453564d37'),
 ('55', '14', 'm160209_000000_seomatic_alterDescriptionsColumns', '2016-06-03 14:05:08', '2016-06-03 14:05:08', '2016-06-03 14:05:08', '5e877dbc-9db2-4a08-ab87-7dc01258b2cd'),
 ('56', '14', 'm160209_000001_seomatic_addRobotsTxt', '2016-06-03 14:05:08', '2016-06-03 14:05:08', '2016-06-03 14:05:08', '2c8b76af-b42e-4685-bdaf-143d02a56ae0'),
 ('57', '14', 'm160227_000000_seomatic_addFacebookAppId', '2016-06-03 14:05:08', '2016-06-03 14:05:08', '2016-06-03 14:05:08', 'a15f2fe0-d4f1-49d9-86b9-6f12b74579bb'),
 ('58', '14', 'm160416_000000_seomatic_addContactPoints', '2016-06-03 14:05:08', '2016-06-03 14:05:08', '2016-06-03 14:05:08', 'a76be98a-b326-4f0d-95f6-9710b5bd3827'),
 ('59', '14', 'm160509_000000_seomatic_addSiteLinksBing', '2016-06-03 14:05:08', '2016-06-03 14:05:08', '2016-06-03 14:05:08', '0d6624af-4675-4282-a913-9cfc1c20f124');



DROP TABLE IF EXISTS `craft_plugins`;


--
-- Schema for table `craft_plugins`
--
CREATE TABLE `craft_plugins` (
  `id` int(11) NOT NULL AUTO_INCREMENT,
  `class` varchar(150) COLLATE utf8_unicode_ci NOT NULL,
  `version` varchar(15) COLLATE utf8_unicode_ci NOT NULL,
  `schemaVersion` varchar(15) COLLATE utf8_unicode_ci DEFAULT NULL,
  `licenseKey` char(24) COLLATE utf8_unicode_ci DEFAULT NULL,
  `licenseKeyStatus` enum('valid','invalid','mismatched','unknown') COLLATE utf8_unicode_ci NOT NULL DEFAULT 'unknown',
  `enabled` tinyint(1) unsigned NOT NULL DEFAULT '0',
  `settings` text COLLATE utf8_unicode_ci,
  `installDate` datetime NOT NULL,
  `dateCreated` datetime NOT NULL,
  `dateUpdated` datetime NOT NULL,
  `uid` char(36) COLLATE utf8_unicode_ci NOT NULL DEFAULT '0',
  PRIMARY KEY (`id`)
) ENGINE=InnoDB AUTO_INCREMENT=15 DEFAULT CHARSET=utf8 COLLATE=utf8_unicode_ci;

--
-- Data for table `craft_plugins`
--

INSERT INTO `craft_plugins` (`id`, `class`, `version`, `schemaVersion`, `licenseKey`, `licenseKeyStatus`, `enabled`, `settings`, `installDate`, `dateCreated`, `dateUpdated`, `uid`) VALUES
 ('9', 'YouTube', '0.6.5', NULL, NULL, 'unknown', '1', NULL, '2016-05-27 11:05:58', '2016-05-27 11:05:58', '2016-06-02 09:25:28', '43547dfd-c2ae-42ec-aaae-b8aa7887af47'),
 ('12', 'Dotjot', '1.0.0', NULL, NULL, 'unknown', '1', NULL, '2016-06-02 09:25:34', '2016-06-02 09:25:34', '2016-06-02 09:25:34', '60349d63-dbff-413f-b623-6802e272b830'),
 ('13', 'Donkeytail', '1.0.0', NULL, NULL, 'unknown', '1', NULL, '2016-06-02 14:27:05', '2016-06-02 14:27:05', '2016-06-28 15:16:59', '4b6d802d-99ca-4b16-9ee3-fd1131fe7006'),
 ('14', 'Seomatic', '1.1.19', '1.1.15', NULL, 'unknown', '1', NULL, '2016-06-03 14:05:08', '2016-06-03 14:05:08', '2016-06-28 15:16:59', '6c2ae567-191b-4beb-86d6-7a2689873842');



DROP TABLE IF EXISTS `craft_rackspaceaccess`;


--
-- Schema for table `craft_rackspaceaccess`
--
CREATE TABLE `craft_rackspaceaccess` (
  `id` int(11) NOT NULL AUTO_INCREMENT,
  `connectionKey` varchar(255) COLLATE utf8_unicode_ci NOT NULL,
  `token` varchar(255) COLLATE utf8_unicode_ci NOT NULL,
  `storageUrl` varchar(255) COLLATE utf8_unicode_ci NOT NULL,
  `cdnUrl` varchar(255) COLLATE utf8_unicode_ci NOT NULL,
  `dateCreated` datetime NOT NULL,
  `dateUpdated` datetime NOT NULL,
  `uid` char(36) COLLATE utf8_unicode_ci NOT NULL DEFAULT '0',
  PRIMARY KEY (`id`),
  UNIQUE KEY `craft_rackspaceaccess_connectionKey_unq_idx` (`connectionKey`)
) ENGINE=InnoDB DEFAULT CHARSET=utf8 COLLATE=utf8_unicode_ci;

DROP TABLE IF EXISTS `craft_relations`;


--
-- Schema for table `craft_relations`
--
CREATE TABLE `craft_relations` (
  `id` int(11) NOT NULL AUTO_INCREMENT,
  `fieldId` int(11) NOT NULL,
  `sourceId` int(11) NOT NULL,
  `sourceLocale` char(12) COLLATE utf8_unicode_ci DEFAULT NULL,
  `targetId` int(11) NOT NULL,
  `sortOrder` smallint(6) DEFAULT NULL,
  `dateCreated` datetime NOT NULL,
  `dateUpdated` datetime NOT NULL,
  `uid` char(36) COLLATE utf8_unicode_ci NOT NULL DEFAULT '0',
  PRIMARY KEY (`id`),
  UNIQUE KEY `craft_relations_fieldId_sourceId_sourceLocale_targetId_unq_idx` (`fieldId`,`sourceId`,`sourceLocale`,`targetId`),
  KEY `craft_relations_sourceId_fk` (`sourceId`),
  KEY `craft_relations_sourceLocale_fk` (`sourceLocale`),
  KEY `craft_relations_targetId_fk` (`targetId`)
) ENGINE=InnoDB DEFAULT CHARSET=utf8 COLLATE=utf8_unicode_ci;

DROP TABLE IF EXISTS `craft_routes`;


--
-- Schema for table `craft_routes`
--
CREATE TABLE `craft_routes` (
  `id` int(11) NOT NULL AUTO_INCREMENT,
  `locale` char(12) COLLATE utf8_unicode_ci DEFAULT NULL,
  `urlParts` varchar(255) COLLATE utf8_unicode_ci NOT NULL,
  `urlPattern` varchar(255) COLLATE utf8_unicode_ci NOT NULL,
  `template` varchar(255) COLLATE utf8_unicode_ci NOT NULL,
  `sortOrder` smallint(6) unsigned DEFAULT NULL,
  `dateCreated` datetime NOT NULL,
  `dateUpdated` datetime NOT NULL,
  `uid` char(36) COLLATE utf8_unicode_ci NOT NULL DEFAULT '0',
  PRIMARY KEY (`id`),
  UNIQUE KEY `craft_routes_urlPattern_unq_idx` (`urlPattern`),
  KEY `craft_routes_locale_idx` (`locale`)
) ENGINE=InnoDB DEFAULT CHARSET=utf8 COLLATE=utf8_unicode_ci;

DROP TABLE IF EXISTS `craft_searchindex`;


--
-- Schema for table `craft_searchindex`
--
CREATE TABLE `craft_searchindex` (
  `elementId` int(11) NOT NULL,
  `attribute` varchar(25) COLLATE utf8_unicode_ci NOT NULL,
  `fieldId` int(11) NOT NULL,
  `locale` char(12) COLLATE utf8_unicode_ci NOT NULL,
  `keywords` text COLLATE utf8_unicode_ci NOT NULL,
  PRIMARY KEY (`elementId`,`attribute`,`fieldId`,`locale`),
  FULLTEXT KEY `craft_searchindex_keywords_idx` (`keywords`)
) ENGINE=MyISAM DEFAULT CHARSET=utf8 COLLATE=utf8_unicode_ci;

--
-- Data for table `craft_searchindex`
--

INSERT INTO `craft_searchindex` (`elementId`, `attribute`, `fieldId`, `locale`, `keywords`) VALUES
 ('1', 'username', '0', 'en_us', ' admin '),
 ('1', 'firstname', '0', 'en_us', ''),
 ('1', 'lastname', '0', 'en_us', ''),
 ('1', 'fullname', '0', 'en_us', ''),
 ('1', 'email', '0', 'en_us', ' dev simplygoodwork com '),
 ('1', 'slug', '0', 'en_us', ''),
 ('2', 'slug', '0', 'en_us', ' homepage '),
 ('2', 'title', '0', 'en_us', ' homepage '),
 ('2', 'field', '1', 'en_us', ' it s true this site doesn t have a whole lot of content yet but don t worry our web developers have just installed the cms and they re setting things up for the content editors this very moment soon fakemaps will be an oasis of fresh perspectives sharp analyses and astute opinions that will keep you coming back again and again '),
 ('11', 'field', '14', 'en_us', ' 22 9032 35 4212 top 35 4212% left 22 9032% '),
 ('10', 'field', '14', 'en_us', ' 70 8039 63 6947 top 63 6947% left 70 8039% '),
 ('6', 'field', '14', 'en_us', ' 55 6452 76 8182 top 76 8182% left 55 6452% '),
 ('5', 'field', '14', 'en_us', ' 68 5484 42 7747 top 42 7747% left 68 5484% '),
 ('11', 'slug', '0', 'en_us', ''),
 ('11', 'title', '0', 'en_us', ' lamp '),
 ('9', 'field', '18', 'en_us', ' 9 3548 63 6364 top 63 6364% left 9 3548% '),
 ('9', 'field', '14', 'en_us', ' 75 3226 38 1344 top 38 1344% left 75 3226% '),
 ('4', 'filename', '0', 'en_us', ' map jpg '),
 ('4', 'extension', '0', 'en_us', ' jpg '),
 ('4', 'kind', '0', 'en_us', ' image '),
 ('4', 'slug', '0', 'en_us', ''),
 ('4', 'title', '0', 'en_us', ' map '),
 ('5', 'field', '4', 'en_us', ' 81 9355 62 9545 '),
 ('5', 'field', '8', 'en_us', ' 81 2903 '),
 ('5', 'field', '6', 'en_us', ' function return a function return b 16 chillington house st faith s st maidstone kent me14 1lh uk '),
 ('5', 'field', '7', 'en_us', ''),
 ('5', 'slug', '0', 'en_us', ' short vase '),
 ('5', 'title', '0', 'en_us', ' short vase '),
 ('6', 'field', '4', 'en_us', ' 19 6774 77 7273 top 77 7273% left 19 6774% '),
 ('6', 'field', '8', 'en_us', ' 8 0645 61 8182 '),
 ('6', 'field', '6', 'en_us', ''),
 ('6', 'field', '7', 'en_us', ''),
 ('6', 'slug', '0', 'en_us', ''),
 ('6', 'title', '0', 'en_us', ' tables '),
 ('9', 'field', '4', 'en_us', ' 8 0645 61 3636 top 61 3636% left 8 0645% '),
 ('9', 'slug', '0', 'en_us', ''),
 ('9', 'title', '0', 'en_us', ' tall vase '),
 ('10', 'field', '4', 'en_us', ' 71 4516 27 5000 top 27 5000% left 71 4516% '),
 ('10', 'slug', '0', 'en_us', ''),
 ('10', 'title', '0', 'en_us', ' cushion '),
 ('10', 'field', '9', 'en_us', ' 27 2581 14 5455 top 14 5455% left 27 2581% '),
 ('9', 'field', '9', 'en_us', ' 24 3548 15 4545 top 15 4545% left 24 3548% '),
 ('9', 'field', '10', 'en_us', ' 9 3548 63 6364 top 63 6364% left 9 3548% '),
 ('10', 'field', '10', 'en_us', ' 72 9032 50 4545 top 50 4545% left 72 9032% '),
 ('6', 'field', '9', 'en_us', ' 30 0000 15 2273 top 15 2273% left 30 0000% '),
 ('6', 'field', '10', 'en_us', ' 71 4516 23 4091 top 23 4091% left 71 4516% '),
 ('5', 'field', '9', 'en_us', ' 32 5806 13 4091 top 13 4091% left 32 5806% '),
 ('5', 'field', '10', 'en_us', ' 70 3226 73 4091 top 73 4091% left 70 3226% '),
 ('10', 'field', '18', 'en_us', ' 14 0323 63 4091 top 63 4091% left 14 0323% '),
 ('6', 'field', '18', 'en_us', ' 19 0323 63 1818 top 63 1818% left 19 0323% '),
 ('11', 'field', '18', 'en_us', ''),
 ('2', 'field', '15', 'en_us', ' 23 7288 27 0335 top 27 0335% left 23 7288% one 26 1017 26 7943 top 26 7943% left 26 1017% two 29 3220 26 0766 top 26 0766% left 29 3220% three 71 1864 23 4450 top 23 4450% left 71 1864% four '),
 ('12', 'field', '16', 'en_us', ' one '),
 ('12', 'field', '17', 'en_us', ' 23 7288 27 0335 top 27 0335% left 23 7288% '),
 ('12', 'slug', '0', 'en_us', ''),
 ('13', 'field', '16', 'en_us', ' two '),
 ('13', 'field', '17', 'en_us', ' 26 1017 26 7943 top 26 7943% left 26 1017% '),
 ('13', 'slug', '0', 'en_us', ''),
 ('14', 'field', '16', 'en_us', ' three '),
 ('14', 'field', '17', 'en_us', ' 29 3220 26 0766 top 26 0766% left 29 3220% '),
 ('14', 'slug', '0', 'en_us', ''),
 ('6', 'field', '19', 'en_us', ''),
 ('5', 'field', '19', 'en_us', ''),
 ('5', 'field', '18', 'en_us', ''),
 ('2', 'field', '14', 'en_us', ' 24 5161 15 6818 top 15 6818% left 24 5161% '),
 ('2', 'field', '18', 'en_us', ' 36 9355 14 3182 top 14 3182% left 36 9355% '),
 ('17', 'field', '16', 'en_us', ' four '),
 ('17', 'field', '17', 'en_us', ' 71 1864 23 4450 top 23 4450% left 71 1864% '),
 ('17', 'slug', '0', 'en_us', ''),
 ('18', 'filename', '0', 'en_us', ' living room jpg '),
 ('18', 'extension', '0', 'en_us', ' jpg '),
 ('18', 'kind', '0', 'en_us', ' image '),
 ('18', 'slug', '0', 'en_us', ''),
 ('18', 'title', '0', 'en_us', ' living room '),
 ('19', 'filename', '0', 'en_us', ' logo png '),
 ('19', 'extension', '0', 'en_us', ' png '),
 ('19', 'kind', '0', 'en_us', ' image '),
 ('19', 'slug', '0', 'en_us', ''),
 ('19', 'title', '0', 'en_us', ' logo '),
 ('20', 'filename', '0', 'en_us', ' dummy pdf pdf '),
 ('20', 'extension', '0', 'en_us', ' pdf '),
 ('20', 'kind', '0', 'en_us', ' pdf '),
 ('20', 'slug', '0', 'en_us', ''),
 ('20', 'title', '0', 'en_us', ' dummy pdf '),
 ('9', 'field', '19', 'en_us', ''),
 ('11', 'field', '19', 'en_us', ''),
 ('10', 'field', '19', 'en_us', '');



DROP TABLE IF EXISTS `craft_sections`;


--
-- Schema for table `craft_sections`
--
CREATE TABLE `craft_sections` (
  `id` int(11) NOT NULL AUTO_INCREMENT,
  `structureId` int(11) DEFAULT NULL,
  `name` varchar(255) COLLATE utf8_unicode_ci NOT NULL,
  `handle` varchar(255) COLLATE utf8_unicode_ci NOT NULL,
  `type` enum('single','channel','structure') COLLATE utf8_unicode_ci NOT NULL DEFAULT 'channel',
  `hasUrls` tinyint(1) unsigned NOT NULL DEFAULT '1',
  `template` varchar(500) COLLATE utf8_unicode_ci DEFAULT NULL,
  `enableVersioning` tinyint(1) unsigned NOT NULL DEFAULT '0',
  `dateCreated` datetime NOT NULL,
  `dateUpdated` datetime NOT NULL,
  `uid` char(36) COLLATE utf8_unicode_ci NOT NULL DEFAULT '0',
  PRIMARY KEY (`id`),
  UNIQUE KEY `craft_sections_name_unq_idx` (`name`),
  UNIQUE KEY `craft_sections_handle_unq_idx` (`handle`),
  KEY `craft_sections_structureId_fk` (`structureId`)
) ENGINE=InnoDB AUTO_INCREMENT=4 DEFAULT CHARSET=utf8 COLLATE=utf8_unicode_ci;

--
-- Data for table `craft_sections`
--

INSERT INTO `craft_sections` (`id`, `structureId`, `name`, `handle`, `type`, `hasUrls`, `template`, `enableVersioning`, `dateCreated`, `dateUpdated`, `uid`) VALUES
 ('1', NULL, 'Homepage', 'homepage', 'single', '1', 'index', '1', '2016-05-26 16:25:24', '2016-05-26 16:25:24', '45238333-bbec-42e6-ab28-37433936ff7d'),
 ('3', NULL, 'Products', 'products', 'channel', '0', NULL, '1', '2016-05-27 14:55:49', '2016-06-08 17:27:26', '4273464b-cba0-4223-b531-3579efc822a6');



DROP TABLE IF EXISTS `craft_sections_i18n`;


--
-- Schema for table `craft_sections_i18n`
--
CREATE TABLE `craft_sections_i18n` (
  `id` int(11) NOT NULL AUTO_INCREMENT,
  `sectionId` int(11) NOT NULL,
  `locale` char(12) COLLATE utf8_unicode_ci NOT NULL,
  `enabledByDefault` tinyint(1) unsigned NOT NULL DEFAULT '1',
  `urlFormat` text COLLATE utf8_unicode_ci,
  `nestedUrlFormat` text COLLATE utf8_unicode_ci,
  `dateCreated` datetime NOT NULL,
  `dateUpdated` datetime NOT NULL,
  `uid` char(36) COLLATE utf8_unicode_ci NOT NULL DEFAULT '0',
  PRIMARY KEY (`id`),
  UNIQUE KEY `craft_sections_i18n_sectionId_locale_unq_idx` (`sectionId`,`locale`),
  KEY `craft_sections_i18n_locale_fk` (`locale`)
) ENGINE=InnoDB AUTO_INCREMENT=4 DEFAULT CHARSET=utf8 COLLATE=utf8_unicode_ci;

--
-- Data for table `craft_sections_i18n`
--

INSERT INTO `craft_sections_i18n` (`id`, `sectionId`, `locale`, `enabledByDefault`, `urlFormat`, `nestedUrlFormat`, `dateCreated`, `dateUpdated`, `uid`) VALUES
 ('1', '1', 'en_us', '1', '__home__', NULL, '2016-05-26 16:25:24', '2016-05-26 16:25:24', '7b7420f1-b522-49a7-b0fd-09e9230851c9'),
 ('3', '3', 'en_us', '1', NULL, NULL, '2016-05-27 14:55:49', '2016-05-27 14:55:49', 'b2d27cfc-e889-403f-a107-b97049ab6828');



DROP TABLE IF EXISTS `craft_seomatic_meta`;


--
-- Schema for table `craft_seomatic_meta`
--
CREATE TABLE `craft_seomatic_meta` (
  `id` int(11) NOT NULL,
  `seoImageId` int(11) DEFAULT NULL,
  `locale` varchar(255) COLLATE utf8_unicode_ci DEFAULT 'en_us',
  `elementId` int(10) DEFAULT '0',
  `metaType` enum('default','template') COLLATE utf8_unicode_ci DEFAULT 'template',
  `metaPath` varchar(255) COLLATE utf8_unicode_ci DEFAULT '',
  `seoTitle` varchar(255) COLLATE utf8_unicode_ci DEFAULT '',
  `seoDescription` varchar(255) COLLATE utf8_unicode_ci DEFAULT '',
  `seoKeywords` varchar(255) COLLATE utf8_unicode_ci DEFAULT '',
  `twitterCardType` varchar(255) COLLATE utf8_unicode_ci DEFAULT 'summary',
  `openGraphType` varchar(255) COLLATE utf8_unicode_ci DEFAULT 'website',
  `robots` varchar(255) COLLATE utf8_unicode_ci DEFAULT '',
  `dateCreated` datetime NOT NULL,
  `dateUpdated` datetime NOT NULL,
  `uid` char(36) COLLATE utf8_unicode_ci NOT NULL DEFAULT '0',
  PRIMARY KEY (`id`),
  KEY `craft_seomatic_meta_seoImageId_fk` (`seoImageId`)
) ENGINE=InnoDB DEFAULT CHARSET=utf8 COLLATE=utf8_unicode_ci;

DROP TABLE IF EXISTS `craft_seomatic_settings`;


--
-- Schema for table `craft_seomatic_settings`
--
CREATE TABLE `craft_seomatic_settings` (
  `id` int(11) NOT NULL AUTO_INCREMENT,
  `siteSeoImageId` int(11) DEFAULT NULL,
  `genericOwnerImageId` int(11) DEFAULT NULL,
  `genericCreatorImageId` int(11) DEFAULT NULL,
  `locale` varchar(255) COLLATE utf8_unicode_ci DEFAULT '',
  `siteSeoName` varchar(255) COLLATE utf8_unicode_ci DEFAULT '',
  `siteSeoTitle` varchar(255) COLLATE utf8_unicode_ci DEFAULT '',
  `siteSeoTitleSeparator` varchar(255) COLLATE utf8_unicode_ci DEFAULT '|',
  `siteSeoTitlePlacement` enum('before','after','none') COLLATE utf8_unicode_ci DEFAULT 'after',
  `siteSeoDescription` varchar(255) COLLATE utf8_unicode_ci DEFAULT '',
  `siteSeoKeywords` varchar(255) COLLATE utf8_unicode_ci DEFAULT '',
  `siteTwitterCardType` varchar(255) COLLATE utf8_unicode_ci DEFAULT '',
  `siteOpenGraphType` varchar(255) COLLATE utf8_unicode_ci DEFAULT '',
  `siteRobots` varchar(255) COLLATE utf8_unicode_ci DEFAULT '',
  `siteRobotsTxt` text COLLATE utf8_unicode_ci,
  `siteLinksSearchTargets` text COLLATE utf8_unicode_ci,
  `siteLinksQueryInput` varchar(255) COLLATE utf8_unicode_ci DEFAULT '',
  `googleSiteVerification` varchar(255) COLLATE utf8_unicode_ci DEFAULT '',
  `bingSiteVerification` varchar(255) COLLATE utf8_unicode_ci DEFAULT '',
  `googleAnalyticsUID` varchar(255) COLLATE utf8_unicode_ci DEFAULT '',
  `googleAnalyticsSendPageview` tinyint(1) unsigned NOT NULL DEFAULT '1',
  `googleAnalyticsAdvertising` tinyint(1) unsigned NOT NULL DEFAULT '0',
  `googleAnalyticsEcommerce` tinyint(1) unsigned NOT NULL DEFAULT '0',
  `googleAnalyticsEEcommerce` tinyint(1) unsigned NOT NULL DEFAULT '0',
  `googleAnalyticsLinkAttribution` tinyint(1) unsigned NOT NULL DEFAULT '0',
  `googleAnalyticsLinker` tinyint(1) unsigned NOT NULL DEFAULT '0',
  `siteOwnerType` varchar(255) COLLATE utf8_unicode_ci DEFAULT '',
  `siteOwnerSubType` varchar(255) COLLATE utf8_unicode_ci DEFAULT '',
  `siteOwnerSpecificType` varchar(255) COLLATE utf8_unicode_ci DEFAULT '',
  `genericOwnerName` varchar(255) COLLATE utf8_unicode_ci DEFAULT '',
  `genericOwnerAlternateName` varchar(255) COLLATE utf8_unicode_ci DEFAULT '',
  `genericOwnerDescription` varchar(1024) COLLATE utf8_unicode_ci DEFAULT '',
  `genericOwnerUrl` varchar(255) COLLATE utf8_unicode_ci DEFAULT '',
  `genericOwnerTelephone` varchar(255) COLLATE utf8_unicode_ci DEFAULT '',
  `genericOwnerEmail` varchar(255) COLLATE utf8_unicode_ci DEFAULT '',
  `genericOwnerStreetAddress` varchar(255) COLLATE utf8_unicode_ci DEFAULT '',
  `genericOwnerAddressLocality` varchar(255) COLLATE utf8_unicode_ci DEFAULT '',
  `genericOwnerAddressRegion` varchar(255) COLLATE utf8_unicode_ci DEFAULT '',
  `genericOwnerPostalCode` varchar(255) COLLATE utf8_unicode_ci DEFAULT '',
  `genericOwnerAddressCountry` varchar(255) COLLATE utf8_unicode_ci DEFAULT '',
  `genericOwnerGeoLatitude` varchar(255) COLLATE utf8_unicode_ci DEFAULT '',
  `genericOwnerGeoLongitude` varchar(255) COLLATE utf8_unicode_ci DEFAULT '',
  `organizationOwnerDuns` varchar(255) COLLATE utf8_unicode_ci DEFAULT '',
  `organizationOwnerFounder` varchar(255) COLLATE utf8_unicode_ci DEFAULT '',
  `organizationOwnerFoundingDate` varchar(255) COLLATE utf8_unicode_ci DEFAULT '',
  `organizationOwnerFoundingLocation` varchar(255) COLLATE utf8_unicode_ci DEFAULT '',
  `organizationOwnerContactPoints` text COLLATE utf8_unicode_ci,
  `localBusinessOwnerOpeningHours` text COLLATE utf8_unicode_ci,
  `corporationOwnerTickerSymbol` varchar(255) COLLATE utf8_unicode_ci DEFAULT '',
  `restaurantOwnerServesCuisine` varchar(255) COLLATE utf8_unicode_ci DEFAULT '',
  `restaurantOwnerMenuUrl` varchar(255) COLLATE utf8_unicode_ci DEFAULT '',
  `restaurantOwnerReservationsUrl` varchar(255) COLLATE utf8_unicode_ci DEFAULT '',
  `personOwnerGender` varchar(255) COLLATE utf8_unicode_ci DEFAULT '',
  `personOwnerBirthPlace` varchar(255) COLLATE utf8_unicode_ci DEFAULT '',
  `twitterHandle` varchar(255) COLLATE utf8_unicode_ci DEFAULT '',
  `facebookHandle` varchar(255) COLLATE utf8_unicode_ci DEFAULT '',
  `facebookProfileId` varchar(255) COLLATE utf8_unicode_ci DEFAULT '',
  `facebookAppId` varchar(255) COLLATE utf8_unicode_ci DEFAULT '',
  `linkedInHandle` varchar(255) COLLATE utf8_unicode_ci DEFAULT '',
  `googlePlusHandle` varchar(255) COLLATE utf8_unicode_ci DEFAULT '',
  `youtubeHandle` varchar(255) COLLATE utf8_unicode_ci DEFAULT '',
  `youtubeChannelHandle` varchar(255) COLLATE utf8_unicode_ci DEFAULT '',
  `instagramHandle` varchar(255) COLLATE utf8_unicode_ci DEFAULT '',
  `pinterestHandle` varchar(255) COLLATE utf8_unicode_ci DEFAULT '',
  `githubHandle` varchar(255) COLLATE utf8_unicode_ci DEFAULT '',
  `siteCreatorType` varchar(255) COLLATE utf8_unicode_ci DEFAULT '',
  `siteCreatorSubType` varchar(255) COLLATE utf8_unicode_ci DEFAULT '',
  `siteCreatorSpecificType` varchar(255) COLLATE utf8_unicode_ci DEFAULT '',
  `genericCreatorName` varchar(255) COLLATE utf8_unicode_ci DEFAULT '',
  `genericCreatorAlternateName` varchar(255) COLLATE utf8_unicode_ci DEFAULT '',
  `genericCreatorDescription` varchar(1024) COLLATE utf8_unicode_ci DEFAULT '',
  `genericCreatorUrl` varchar(255) COLLATE utf8_unicode_ci DEFAULT '',
  `genericCreatorTelephone` varchar(255) COLLATE utf8_unicode_ci DEFAULT '',
  `genericCreatorEmail` varchar(255) COLLATE utf8_unicode_ci DEFAULT '',
  `genericCreatorStreetAddress` varchar(255) COLLATE utf8_unicode_ci DEFAULT '',
  `genericCreatorAddressLocality` varchar(255) COLLATE utf8_unicode_ci DEFAULT '',
  `genericCreatorAddressRegion` varchar(255) COLLATE utf8_unicode_ci DEFAULT '',
  `genericCreatorPostalCode` varchar(255) COLLATE utf8_unicode_ci DEFAULT '',
  `genericCreatorAddressCountry` varchar(255) COLLATE utf8_unicode_ci DEFAULT '',
  `genericCreatorGeoLatitude` varchar(255) COLLATE utf8_unicode_ci DEFAULT '',
  `genericCreatorGeoLongitude` varchar(255) COLLATE utf8_unicode_ci DEFAULT '',
  `organizationCreatorDuns` varchar(255) COLLATE utf8_unicode_ci DEFAULT '',
  `organizationCreatorFounder` varchar(255) COLLATE utf8_unicode_ci DEFAULT '',
  `organizationCreatorFoundingDate` varchar(255) COLLATE utf8_unicode_ci DEFAULT '',
  `organizationCreatorFoundingLocation` varchar(255) COLLATE utf8_unicode_ci DEFAULT '',
  `organizationCreatorContactPoints` text COLLATE utf8_unicode_ci,
  `localBusinessCreatorOpeningHours` text COLLATE utf8_unicode_ci,
  `corporationCreatorTickerSymbol` varchar(255) COLLATE utf8_unicode_ci DEFAULT '',
  `restaurantCreatorServesCuisine` varchar(255) COLLATE utf8_unicode_ci DEFAULT '',
  `restaurantCreatorMenuUrl` varchar(255) COLLATE utf8_unicode_ci DEFAULT '',
  `restaurantCreatorReservationsUrl` varchar(255) COLLATE utf8_unicode_ci DEFAULT '',
  `personCreatorGender` varchar(255) COLLATE utf8_unicode_ci DEFAULT '',
  `personCreatorBirthPlace` varchar(255) COLLATE utf8_unicode_ci DEFAULT '',
  `genericCreatorHumansTxt` text COLLATE utf8_unicode_ci,
  `dateCreated` datetime NOT NULL,
  `dateUpdated` datetime NOT NULL,
  `uid` char(36) COLLATE utf8_unicode_ci NOT NULL DEFAULT '0',
  PRIMARY KEY (`id`),
  KEY `craft_seomatic_settings_siteSeoImageId_fk` (`siteSeoImageId`),
  KEY `craft_seomatic_settings_genericOwnerImageId_fk` (`genericOwnerImageId`),
  KEY `craft_seomatic_settings_genericCreatorImageId_fk` (`genericCreatorImageId`)
) ENGINE=InnoDB AUTO_INCREMENT=2 DEFAULT CHARSET=utf8 COLLATE=utf8_unicode_ci;

--
-- Data for table `craft_seomatic_settings`
--

INSERT INTO `craft_seomatic_settings` (`id`, `siteSeoImageId`, `genericOwnerImageId`, `genericCreatorImageId`, `locale`, `siteSeoName`, `siteSeoTitle`, `siteSeoTitleSeparator`, `siteSeoTitlePlacement`, `siteSeoDescription`, `siteSeoKeywords`, `siteTwitterCardType`, `siteOpenGraphType`, `siteRobots`, `siteRobotsTxt`, `siteLinksSearchTargets`, `siteLinksQueryInput`, `googleSiteVerification`, `bingSiteVerification`, `googleAnalyticsUID`, `googleAnalyticsSendPageview`, `googleAnalyticsAdvertising`, `googleAnalyticsEcommerce`, `googleAnalyticsEEcommerce`, `googleAnalyticsLinkAttribution`, `googleAnalyticsLinker`, `siteOwnerType`, `siteOwnerSubType`, `siteOwnerSpecificType`, `genericOwnerName`, `genericOwnerAlternateName`, `genericOwnerDescription`, `genericOwnerUrl`, `genericOwnerTelephone`, `genericOwnerEmail`, `genericOwnerStreetAddress`, `genericOwnerAddressLocality`, `genericOwnerAddressRegion`, `genericOwnerPostalCode`, `genericOwnerAddressCountry`, `genericOwnerGeoLatitude`, `genericOwnerGeoLongitude`, `organizationOwnerDuns`, `organizationOwnerFounder`, `organizationOwnerFoundingDate`, `organizationOwnerFoundingLocation`, `organizationOwnerContactPoints`, `localBusinessOwnerOpeningHours`, `corporationOwnerTickerSymbol`, `restaurantOwnerServesCuisine`, `restaurantOwnerMenuUrl`, `restaurantOwnerReservationsUrl`, `personOwnerGender`, `personOwnerBirthPlace`, `twitterHandle`, `facebookHandle`, `facebookProfileId`, `facebookAppId`, `linkedInHandle`, `googlePlusHandle`, `youtubeHandle`, `youtubeChannelHandle`, `instagramHandle`, `pinterestHandle`, `githubHandle`, `siteCreatorType`, `siteCreatorSubType`, `siteCreatorSpecificType`, `genericCreatorName`, `genericCreatorAlternateName`, `genericCreatorDescription`, `genericCreatorUrl`, `genericCreatorTelephone`, `genericCreatorEmail`, `genericCreatorStreetAddress`, `genericCreatorAddressLocality`, `genericCreatorAddressRegion`, `genericCreatorPostalCode`, `genericCreatorAddressCountry`, `genericCreatorGeoLatitude`, `genericCreatorGeoLongitude`, `organizationCreatorDuns`, `organizationCreatorFounder`, `organizationCreatorFoundingDate`, `organizationCreatorFoundingLocation`, `organizationCreatorContactPoints`, `localBusinessCreatorOpeningHours`, `corporationCreatorTickerSymbol`, `restaurantCreatorServesCuisine`, `restaurantCreatorMenuUrl`, `restaurantCreatorReservationsUrl`, `personCreatorGender`, `personCreatorBirthPlace`, `genericCreatorHumansTxt`, `dateCreated`, `dateUpdated`, `uid`) VALUES
 ('1', NULL, NULL, NULL, 'en_us', 'Donkeytail Demo', 'This is the default global title of the site pages.', '|', 'after', 'This is the default global natural language description of the content on the site pages.', 'default,global,comma-separated,keywords', 'summary', 'website', '', '# robots.txt for {{ siteUrl }}\n\nSitemap: {{ siteUrl }}/sitemap.xml\n\n# Don\'t allow web crawlers to index Craft\n\nUser-agent: *\nDisallow: /craft/\n', '', '', '', '', '', '1', '0', '0', '0', '0', '0', 'Organization', 'Corporation', '', 'Donkeytail Demo', '', '', 'http://donkeytail/', '', '', '', '', '', '', '', '', '', '', '', '', '', '[]', '[{\"open\":\"\",\"close\":\"\"},{\"open\":\"\",\"close\":\"\"},{\"open\":\"\",\"close\":\"\"},{\"open\":\"\",\"close\":\"\"},{\"open\":\"\",\"close\":\"\"},{\"open\":\"\",\"close\":\"\"},{\"open\":\"\",\"close\":\"\"}]', '', '', '', '', 'Male', '', '', '', '', '', '', '', '', '', '', '', '', 'Organization', 'Corporation', '', '', '', '', '', '', '', '', '', '', '', '', '', '', '', '', '', '', '', '', '', '', '', '', '', '', '/* TEAM */\n\n{% if seomaticCreator.name is defined and seomaticCreator.name %}\nCreator: {{ seomaticCreator.name }}\n{% endif %}\n{% if seomaticCreator.url is defined and seomaticCreator.url %}\nURL: {{ seomaticCreator.url }}\n{% endif %}\n{% if seomaticCreator.description is defined and seomaticCreator.description %}\nDescription: {{ seomaticCreator.description }}\n{% endif %}\n\n/* THANKS */\n\nPixel & Tonic - https://pixelandtonic.com\n\n/* SITE */\n\nStandards: HTML5, CSS3\nComponents: Craft CMS, Yii, PHP, Javascript, SEOmatic', '2016-06-03 14:05:13', '2016-06-06 13:42:25', '6fdc49f9-245e-4259-b94e-28eb775540c0');



DROP TABLE IF EXISTS `craft_sessions`;


--
-- Schema for table `craft_sessions`
--
CREATE TABLE `craft_sessions` (
  `id` int(11) NOT NULL AUTO_INCREMENT,
  `userId` int(11) NOT NULL,
  `token` char(100) COLLATE utf8_unicode_ci NOT NULL,
  `dateCreated` datetime NOT NULL,
  `dateUpdated` datetime NOT NULL,
  `uid` char(36) COLLATE utf8_unicode_ci NOT NULL DEFAULT '0',
  PRIMARY KEY (`id`),
  KEY `craft_sessions_uid_idx` (`uid`),
  KEY `craft_sessions_token_idx` (`token`),
  KEY `craft_sessions_dateUpdated_idx` (`dateUpdated`),
  KEY `craft_sessions_userId_fk` (`userId`)
) ENGINE=InnoDB AUTO_INCREMENT=14 DEFAULT CHARSET=utf8 COLLATE=utf8_unicode_ci;

DROP TABLE IF EXISTS `craft_shunnedmessages`;


--
-- Schema for table `craft_shunnedmessages`
--
CREATE TABLE `craft_shunnedmessages` (
  `id` int(11) NOT NULL AUTO_INCREMENT,
  `userId` int(11) NOT NULL,
  `message` varchar(255) COLLATE utf8_unicode_ci NOT NULL,
  `expiryDate` datetime DEFAULT NULL,
  `dateCreated` datetime NOT NULL,
  `dateUpdated` datetime NOT NULL,
  `uid` char(36) COLLATE utf8_unicode_ci NOT NULL DEFAULT '0',
  PRIMARY KEY (`id`),
  UNIQUE KEY `craft_shunnedmessages_userId_message_unq_idx` (`userId`,`message`)
) ENGINE=InnoDB DEFAULT CHARSET=utf8 COLLATE=utf8_unicode_ci;

DROP TABLE IF EXISTS `craft_structureelements`;


--
-- Schema for table `craft_structureelements`
--
CREATE TABLE `craft_structureelements` (
  `id` int(11) NOT NULL AUTO_INCREMENT,
  `structureId` int(11) NOT NULL,
  `elementId` int(11) DEFAULT NULL,
  `root` int(11) unsigned DEFAULT NULL,
  `lft` int(11) unsigned NOT NULL,
  `rgt` int(11) unsigned NOT NULL,
  `level` smallint(6) unsigned NOT NULL,
  `dateCreated` datetime NOT NULL,
  `dateUpdated` datetime NOT NULL,
  `uid` char(36) COLLATE utf8_unicode_ci NOT NULL DEFAULT '0',
  PRIMARY KEY (`id`),
  UNIQUE KEY `craft_structureelements_structureId_elementId_unq_idx` (`structureId`,`elementId`),
  KEY `craft_structureelements_root_idx` (`root`),
  KEY `craft_structureelements_lft_idx` (`lft`),
  KEY `craft_structureelements_rgt_idx` (`rgt`),
  KEY `craft_structureelements_level_idx` (`level`),
  KEY `craft_structureelements_elementId_fk` (`elementId`)
) ENGINE=InnoDB DEFAULT CHARSET=utf8 COLLATE=utf8_unicode_ci;

DROP TABLE IF EXISTS `craft_structures`;


--
-- Schema for table `craft_structures`
--
CREATE TABLE `craft_structures` (
  `id` int(11) NOT NULL AUTO_INCREMENT,
  `maxLevels` smallint(6) unsigned DEFAULT NULL,
  `dateCreated` datetime NOT NULL,
  `dateUpdated` datetime NOT NULL,
  `uid` char(36) COLLATE utf8_unicode_ci NOT NULL DEFAULT '0',
  PRIMARY KEY (`id`)
) ENGINE=InnoDB DEFAULT CHARSET=utf8 COLLATE=utf8_unicode_ci;

DROP TABLE IF EXISTS `craft_systemsettings`;


--
-- Schema for table `craft_systemsettings`
--
CREATE TABLE `craft_systemsettings` (
  `id` int(11) NOT NULL AUTO_INCREMENT,
  `category` varchar(15) COLLATE utf8_unicode_ci NOT NULL,
  `settings` text COLLATE utf8_unicode_ci,
  `dateCreated` datetime NOT NULL,
  `dateUpdated` datetime NOT NULL,
  `uid` char(36) COLLATE utf8_unicode_ci NOT NULL DEFAULT '0',
  PRIMARY KEY (`id`),
  UNIQUE KEY `craft_systemsettings_category_unq_idx` (`category`)
) ENGINE=InnoDB AUTO_INCREMENT=2 DEFAULT CHARSET=utf8 COLLATE=utf8_unicode_ci;

--
-- Data for table `craft_systemsettings`
--

INSERT INTO `craft_systemsettings` (`id`, `category`, `settings`, `dateCreated`, `dateUpdated`, `uid`) VALUES
 ('1', 'email', '{\"protocol\":\"php\",\"emailAddress\":\"dev@simplygoodwork.com\",\"senderName\":\"Fake Maps\"}', '2016-05-26 16:25:24', '2016-05-26 16:25:24', 'e5955ea2-75de-4c45-97b9-4dbe81169fca');



DROP TABLE IF EXISTS `craft_taggroups`;


--
-- Schema for table `craft_taggroups`
--
CREATE TABLE `craft_taggroups` (
  `id` int(11) NOT NULL AUTO_INCREMENT,
  `name` varchar(255) COLLATE utf8_unicode_ci NOT NULL,
  `handle` varchar(255) COLLATE utf8_unicode_ci NOT NULL,
  `fieldLayoutId` int(10) DEFAULT NULL,
  `dateCreated` datetime NOT NULL,
  `dateUpdated` datetime NOT NULL,
  `uid` char(36) COLLATE utf8_unicode_ci NOT NULL DEFAULT '0',
  PRIMARY KEY (`id`),
  UNIQUE KEY `craft_taggroups_name_unq_idx` (`name`),
  UNIQUE KEY `craft_taggroups_handle_unq_idx` (`handle`),
  KEY `craft_taggroups_fieldLayoutId_fk` (`fieldLayoutId`)
) ENGINE=InnoDB AUTO_INCREMENT=2 DEFAULT CHARSET=utf8 COLLATE=utf8_unicode_ci;

--
-- Data for table `craft_taggroups`
--

INSERT INTO `craft_taggroups` (`id`, `name`, `handle`, `fieldLayoutId`, `dateCreated`, `dateUpdated`, `uid`) VALUES
 ('1', 'Default', 'default', '1', '2016-05-26 16:25:24', '2016-05-26 16:25:24', '025a1b93-8906-4a8c-81fa-393425081094');



DROP TABLE IF EXISTS `craft_tags`;


--
-- Schema for table `craft_tags`
--
CREATE TABLE `craft_tags` (
  `id` int(11) NOT NULL,
  `groupId` int(11) NOT NULL,
  `dateCreated` datetime NOT NULL,
  `dateUpdated` datetime NOT NULL,
  `uid` char(36) COLLATE utf8_unicode_ci NOT NULL DEFAULT '0',
  PRIMARY KEY (`id`),
  KEY `craft_tags_groupId_fk` (`groupId`)
) ENGINE=InnoDB DEFAULT CHARSET=utf8 COLLATE=utf8_unicode_ci;

DROP TABLE IF EXISTS `craft_tasks`;


--
-- Schema for table `craft_tasks`
--
CREATE TABLE `craft_tasks` (
  `id` int(11) NOT NULL AUTO_INCREMENT,
  `root` int(11) unsigned DEFAULT NULL,
  `lft` int(11) unsigned NOT NULL,
  `rgt` int(11) unsigned NOT NULL,
  `level` smallint(6) unsigned NOT NULL,
  `currentStep` int(11) unsigned DEFAULT NULL,
  `totalSteps` int(11) unsigned DEFAULT NULL,
  `status` enum('pending','error','running') COLLATE utf8_unicode_ci DEFAULT NULL,
  `type` varchar(150) COLLATE utf8_unicode_ci NOT NULL,
  `description` varchar(255) COLLATE utf8_unicode_ci DEFAULT NULL,
  `settings` mediumtext COLLATE utf8_unicode_ci,
  `dateCreated` datetime NOT NULL,
  `dateUpdated` datetime NOT NULL,
  `uid` char(36) COLLATE utf8_unicode_ci NOT NULL DEFAULT '0',
  PRIMARY KEY (`id`),
  KEY `craft_tasks_root_idx` (`root`),
  KEY `craft_tasks_lft_idx` (`lft`),
  KEY `craft_tasks_rgt_idx` (`rgt`),
  KEY `craft_tasks_level_idx` (`level`)
) ENGINE=InnoDB DEFAULT CHARSET=utf8 COLLATE=utf8_unicode_ci;

DROP TABLE IF EXISTS `craft_templatecachecriteria`;


--
-- Schema for table `craft_templatecachecriteria`
--
CREATE TABLE `craft_templatecachecriteria` (
  `id` int(11) NOT NULL AUTO_INCREMENT,
  `cacheId` int(11) NOT NULL,
  `type` varchar(150) COLLATE utf8_unicode_ci NOT NULL,
  `criteria` text COLLATE utf8_unicode_ci NOT NULL,
  PRIMARY KEY (`id`),
  KEY `craft_templatecachecriteria_cacheId_fk` (`cacheId`),
  KEY `craft_templatecachecriteria_type_idx` (`type`)
) ENGINE=InnoDB DEFAULT CHARSET=utf8 COLLATE=utf8_unicode_ci;

DROP TABLE IF EXISTS `craft_templatecacheelements`;


--
-- Schema for table `craft_templatecacheelements`
--
CREATE TABLE `craft_templatecacheelements` (
  `cacheId` int(11) NOT NULL,
  `elementId` int(11) NOT NULL,
  KEY `craft_templatecacheelements_cacheId_fk` (`cacheId`),
  KEY `craft_templatecacheelements_elementId_fk` (`elementId`)
) ENGINE=InnoDB DEFAULT CHARSET=utf8 COLLATE=utf8_unicode_ci;

DROP TABLE IF EXISTS `craft_templatecaches`;


--
-- Schema for table `craft_templatecaches`
--
CREATE TABLE `craft_templatecaches` (
  `id` int(11) NOT NULL AUTO_INCREMENT,
  `cacheKey` varchar(255) COLLATE utf8_unicode_ci NOT NULL,
  `locale` char(12) COLLATE utf8_unicode_ci NOT NULL,
  `path` varchar(255) COLLATE utf8_unicode_ci DEFAULT NULL,
  `expiryDate` datetime NOT NULL,
  `body` mediumtext COLLATE utf8_unicode_ci NOT NULL,
  PRIMARY KEY (`id`),
  KEY `craft_templatecaches_expiryDate_cacheKey_locale_path_idx` (`expiryDate`,`cacheKey`,`locale`,`path`),
  KEY `craft_templatecaches_locale_fk` (`locale`)
) ENGINE=InnoDB DEFAULT CHARSET=utf8 COLLATE=utf8_unicode_ci;

DROP TABLE IF EXISTS `craft_tokens`;


--
-- Schema for table `craft_tokens`
--
CREATE TABLE `craft_tokens` (
  `id` int(11) NOT NULL AUTO_INCREMENT,
  `token` char(32) COLLATE utf8_unicode_ci NOT NULL,
  `route` text COLLATE utf8_unicode_ci,
  `usageLimit` tinyint(3) unsigned DEFAULT NULL,
  `usageCount` tinyint(3) unsigned DEFAULT NULL,
  `expiryDate` datetime NOT NULL,
  `dateCreated` datetime NOT NULL,
  `dateUpdated` datetime NOT NULL,
  `uid` char(36) COLLATE utf8_unicode_ci NOT NULL DEFAULT '0',
  PRIMARY KEY (`id`),
  UNIQUE KEY `craft_tokens_token_unq_idx` (`token`),
  KEY `craft_tokens_expiryDate_idx` (`expiryDate`)
) ENGINE=InnoDB DEFAULT CHARSET=utf8 COLLATE=utf8_unicode_ci;

DROP TABLE IF EXISTS `craft_usergroups`;


--
-- Schema for table `craft_usergroups`
--
CREATE TABLE `craft_usergroups` (
  `id` int(11) NOT NULL AUTO_INCREMENT,
  `name` varchar(255) COLLATE utf8_unicode_ci NOT NULL,
  `handle` varchar(255) COLLATE utf8_unicode_ci NOT NULL,
  `dateCreated` datetime NOT NULL,
  `dateUpdated` datetime NOT NULL,
  `uid` char(36) COLLATE utf8_unicode_ci NOT NULL DEFAULT '0',
  PRIMARY KEY (`id`)
) ENGINE=InnoDB DEFAULT CHARSET=utf8 COLLATE=utf8_unicode_ci;

DROP TABLE IF EXISTS `craft_usergroups_users`;


--
-- Schema for table `craft_usergroups_users`
--
CREATE TABLE `craft_usergroups_users` (
  `id` int(11) NOT NULL AUTO_INCREMENT,
  `groupId` int(11) NOT NULL,
  `userId` int(11) NOT NULL,
  `dateCreated` datetime NOT NULL,
  `dateUpdated` datetime NOT NULL,
  `uid` char(36) COLLATE utf8_unicode_ci NOT NULL DEFAULT '0',
  PRIMARY KEY (`id`),
  UNIQUE KEY `craft_usergroups_users_groupId_userId_unq_idx` (`groupId`,`userId`),
  KEY `craft_usergroups_users_userId_fk` (`userId`)
) ENGINE=InnoDB DEFAULT CHARSET=utf8 COLLATE=utf8_unicode_ci;

DROP TABLE IF EXISTS `craft_userpermissions`;


--
-- Schema for table `craft_userpermissions`
--
CREATE TABLE `craft_userpermissions` (
  `id` int(11) NOT NULL AUTO_INCREMENT,
  `name` varchar(255) COLLATE utf8_unicode_ci NOT NULL,
  `dateCreated` datetime NOT NULL,
  `dateUpdated` datetime NOT NULL,
  `uid` char(36) COLLATE utf8_unicode_ci NOT NULL DEFAULT '0',
  PRIMARY KEY (`id`),
  UNIQUE KEY `craft_userpermissions_name_unq_idx` (`name`)
) ENGINE=InnoDB DEFAULT CHARSET=utf8 COLLATE=utf8_unicode_ci;

DROP TABLE IF EXISTS `craft_userpermissions_usergroups`;


--
-- Schema for table `craft_userpermissions_usergroups`
--
CREATE TABLE `craft_userpermissions_usergroups` (
  `id` int(11) NOT NULL AUTO_INCREMENT,
  `permissionId` int(11) NOT NULL,
  `groupId` int(11) NOT NULL,
  `dateCreated` datetime NOT NULL,
  `dateUpdated` datetime NOT NULL,
  `uid` char(36) COLLATE utf8_unicode_ci NOT NULL DEFAULT '0',
  PRIMARY KEY (`id`),
  UNIQUE KEY `craft_userpermissions_usergroups_permissionId_groupId_unq_idx` (`permissionId`,`groupId`),
  KEY `craft_userpermissions_usergroups_groupId_fk` (`groupId`)
) ENGINE=InnoDB DEFAULT CHARSET=utf8 COLLATE=utf8_unicode_ci;

DROP TABLE IF EXISTS `craft_userpermissions_users`;


--
-- Schema for table `craft_userpermissions_users`
--
CREATE TABLE `craft_userpermissions_users` (
  `id` int(11) NOT NULL AUTO_INCREMENT,
  `permissionId` int(11) NOT NULL,
  `userId` int(11) NOT NULL,
  `dateCreated` datetime NOT NULL,
  `dateUpdated` datetime NOT NULL,
  `uid` char(36) COLLATE utf8_unicode_ci NOT NULL DEFAULT '0',
  PRIMARY KEY (`id`),
  UNIQUE KEY `craft_userpermissions_users_permissionId_userId_unq_idx` (`permissionId`,`userId`),
  KEY `craft_userpermissions_users_userId_fk` (`userId`)
) ENGINE=InnoDB DEFAULT CHARSET=utf8 COLLATE=utf8_unicode_ci;

DROP TABLE IF EXISTS `craft_users`;


--
-- Schema for table `craft_users`
--
CREATE TABLE `craft_users` (
  `id` int(11) NOT NULL,
  `username` varchar(100) COLLATE utf8_unicode_ci NOT NULL,
  `photo` varchar(100) COLLATE utf8_unicode_ci DEFAULT NULL,
  `firstName` varchar(100) COLLATE utf8_unicode_ci DEFAULT NULL,
  `lastName` varchar(100) COLLATE utf8_unicode_ci DEFAULT NULL,
  `email` varchar(255) COLLATE utf8_unicode_ci NOT NULL,
  `password` char(255) COLLATE utf8_unicode_ci DEFAULT NULL,
  `preferredLocale` char(12) COLLATE utf8_unicode_ci DEFAULT NULL,
  `weekStartDay` tinyint(1) unsigned NOT NULL DEFAULT '0',
  `admin` tinyint(1) unsigned NOT NULL DEFAULT '0',
  `client` tinyint(1) unsigned NOT NULL DEFAULT '0',
  `locked` tinyint(1) unsigned NOT NULL DEFAULT '0',
  `suspended` tinyint(1) unsigned NOT NULL DEFAULT '0',
  `pending` tinyint(1) unsigned NOT NULL DEFAULT '0',
  `archived` tinyint(1) unsigned NOT NULL DEFAULT '0',
  `lastLoginDate` datetime DEFAULT NULL,
  `lastLoginAttemptIPAddress` varchar(45) COLLATE utf8_unicode_ci DEFAULT NULL,
  `invalidLoginWindowStart` datetime DEFAULT NULL,
  `invalidLoginCount` tinyint(4) unsigned DEFAULT NULL,
  `lastInvalidLoginDate` datetime DEFAULT NULL,
  `lockoutDate` datetime DEFAULT NULL,
  `verificationCode` char(100) COLLATE utf8_unicode_ci DEFAULT NULL,
  `verificationCodeIssuedDate` datetime DEFAULT NULL,
  `unverifiedEmail` varchar(255) COLLATE utf8_unicode_ci DEFAULT NULL,
  `passwordResetRequired` tinyint(1) unsigned NOT NULL DEFAULT '0',
  `lastPasswordChangeDate` datetime DEFAULT NULL,
  `dateCreated` datetime NOT NULL,
  `dateUpdated` datetime NOT NULL,
  `uid` char(36) COLLATE utf8_unicode_ci NOT NULL DEFAULT '0',
  PRIMARY KEY (`id`),
  UNIQUE KEY `craft_users_username_unq_idx` (`username`),
  UNIQUE KEY `craft_users_email_unq_idx` (`email`),
  KEY `craft_users_verificationCode_idx` (`verificationCode`),
  KEY `craft_users_uid_idx` (`uid`),
  KEY `craft_users_preferredLocale_fk` (`preferredLocale`)
) ENGINE=InnoDB DEFAULT CHARSET=utf8 COLLATE=utf8_unicode_ci;

--
-- Data for table `craft_users`
--

INSERT INTO `craft_users` (`id`, `username`, `photo`, `firstName`, `lastName`, `email`, `password`, `preferredLocale`, `weekStartDay`, `admin`, `client`, `locked`, `suspended`, `pending`, `archived`, `lastLoginDate`, `lastLoginAttemptIPAddress`, `invalidLoginWindowStart`, `invalidLoginCount`, `lastInvalidLoginDate`, `lockoutDate`, `verificationCode`, `verificationCodeIssuedDate`, `unverifiedEmail`, `passwordResetRequired`, `lastPasswordChangeDate`, `dateCreated`, `dateUpdated`, `uid`) VALUES
 ('1', 'admin', NULL, NULL, NULL, 'dev@simplygoodwork.com', '$2y$13$ew4tyLtMZCpiXU9M3Vs2BuuCOvqCJorOqT04Zw4/AOvRzcQGuQDFO', NULL, '0', '1', '0', '0', '0', '0', '0', '2016-06-28 15:15:24', '127.0.0.1', NULL, NULL, '2016-06-28 15:15:16', NULL, NULL, NULL, NULL, '0', '2016-05-26 16:25:23', '2016-05-26 16:25:23', '2016-06-28 15:15:24', 'd21e6cdc-6899-4ff0-877c-49a330ae784f');



DROP TABLE IF EXISTS `craft_widgets`;


--
-- Schema for table `craft_widgets`
--
CREATE TABLE `craft_widgets` (
  `id` int(11) NOT NULL AUTO_INCREMENT,
  `userId` int(11) NOT NULL,
  `type` varchar(150) COLLATE utf8_unicode_ci NOT NULL,
  `sortOrder` smallint(6) unsigned DEFAULT NULL,
  `colspan` tinyint(4) unsigned DEFAULT NULL,
  `settings` text COLLATE utf8_unicode_ci,
  `enabled` tinyint(1) unsigned NOT NULL DEFAULT '1',
  `dateCreated` datetime NOT NULL,
  `dateUpdated` datetime NOT NULL,
  `uid` char(36) COLLATE utf8_unicode_ci NOT NULL DEFAULT '0',
  PRIMARY KEY (`id`),
  KEY `craft_widgets_userId_fk` (`userId`)
) ENGINE=InnoDB AUTO_INCREMENT=5 DEFAULT CHARSET=utf8 COLLATE=utf8_unicode_ci;

--
-- Data for table `craft_widgets`
--

INSERT INTO `craft_widgets` (`id`, `userId`, `type`, `sortOrder`, `colspan`, `settings`, `enabled`, `dateCreated`, `dateUpdated`, `uid`) VALUES
 ('1', '1', 'RecentEntries', '1', NULL, NULL, '1', '2016-05-26 16:25:27', '2016-05-26 16:25:27', '90f93194-88ab-4da1-b75a-c87fd0230c29'),
 ('2', '1', 'GetHelp', '2', NULL, NULL, '1', '2016-05-26 16:25:27', '2016-05-26 16:25:27', '8fa5c6a9-be37-4ecc-999e-e1c5ae71bdec'),
 ('3', '1', 'Updates', '3', NULL, NULL, '1', '2016-05-26 16:25:27', '2016-05-26 16:25:27', '35e3bf07-b78c-4592-b048-896631656dcf'),
 ('4', '1', 'Feed', '4', NULL, '{\"url\":\"https:\\/\\/craftcms.com\\/news.rss\",\"title\":\"Craft News\"}', '1', '2016-05-26 16:25:27', '2016-05-26 16:25:27', '2a05bd2e-6820-4fc1-8fb9-0307fa5ed6a1');



DROP TABLE IF EXISTS `craft_youtube_hashes`;


--
-- Schema for table `craft_youtube_hashes`
--
CREATE TABLE `craft_youtube_hashes` (
  `id` int(11) NOT NULL AUTO_INCREMENT,
  `youtubeId` varchar(255) COLLATE utf8_unicode_ci NOT NULL,
  `hash` varchar(255) COLLATE utf8_unicode_ci NOT NULL,
  `dateCreated` datetime NOT NULL,
  `dateUpdated` datetime NOT NULL,
  `uid` char(36) COLLATE utf8_unicode_ci NOT NULL DEFAULT '0',
  PRIMARY KEY (`id`),
  UNIQUE KEY `craft_youtube_hashes_hash_unq_idx` (`hash`)
) ENGINE=InnoDB DEFAULT CHARSET=utf8 COLLATE=utf8_unicode_ci;
--
-- Constraints for tables
--


--
-- Constraints for table `craft_assetfiles`
--
ALTER TABLE `craft_assetfiles`
	ADD CONSTRAINT `craft_assetfiles_folderId_fk` FOREIGN KEY (`folderId`) REFERENCES `craft_assetfolders` (`id`) ON DELETE CASCADE,
	ADD CONSTRAINT `craft_assetfiles_id_fk` FOREIGN KEY (`id`) REFERENCES `craft_elements` (`id`) ON DELETE CASCADE,
	ADD CONSTRAINT `craft_assetfiles_sourceId_fk` FOREIGN KEY (`sourceId`) REFERENCES `craft_assetsources` (`id`) ON DELETE CASCADE;

--
-- Constraints for table `craft_assetfolders`
--
ALTER TABLE `craft_assetfolders`
	ADD CONSTRAINT `craft_assetfolders_parentId_fk` FOREIGN KEY (`parentId`) REFERENCES `craft_assetfolders` (`id`) ON DELETE CASCADE,
	ADD CONSTRAINT `craft_assetfolders_sourceId_fk` FOREIGN KEY (`sourceId`) REFERENCES `craft_assetsources` (`id`) ON DELETE CASCADE;

--
-- Constraints for table `craft_assetindexdata`
--
ALTER TABLE `craft_assetindexdata`
	ADD CONSTRAINT `craft_assetindexdata_sourceId_fk` FOREIGN KEY (`sourceId`) REFERENCES `craft_assetsources` (`id`) ON DELETE CASCADE;

--
-- Constraints for table `craft_assetsources`
--
ALTER TABLE `craft_assetsources`
	ADD CONSTRAINT `craft_assetsources_fieldLayoutId_fk` FOREIGN KEY (`fieldLayoutId`) REFERENCES `craft_fieldlayouts` (`id`) ON DELETE SET NULL;

--
-- Constraints for table `craft_categories`
--
ALTER TABLE `craft_categories`
	ADD CONSTRAINT `craft_categories_groupId_fk` FOREIGN KEY (`groupId`) REFERENCES `craft_categorygroups` (`id`) ON DELETE CASCADE,
	ADD CONSTRAINT `craft_categories_id_fk` FOREIGN KEY (`id`) REFERENCES `craft_elements` (`id`) ON DELETE CASCADE;

--
-- Constraints for table `craft_categorygroups`
--
ALTER TABLE `craft_categorygroups`
	ADD CONSTRAINT `craft_categorygroups_fieldLayoutId_fk` FOREIGN KEY (`fieldLayoutId`) REFERENCES `craft_fieldlayouts` (`id`) ON DELETE SET NULL,
	ADD CONSTRAINT `craft_categorygroups_structureId_fk` FOREIGN KEY (`structureId`) REFERENCES `craft_structures` (`id`) ON DELETE CASCADE;

--
-- Constraints for table `craft_categorygroups_i18n`
--
ALTER TABLE `craft_categorygroups_i18n`
	ADD CONSTRAINT `craft_categorygroups_i18n_groupId_fk` FOREIGN KEY (`groupId`) REFERENCES `craft_categorygroups` (`id`) ON DELETE CASCADE,
	ADD CONSTRAINT `craft_categorygroups_i18n_locale_fk` FOREIGN KEY (`locale`) REFERENCES `craft_locales` (`locale`) ON DELETE CASCADE ON UPDATE CASCADE;

--
-- Constraints for table `craft_content`
--
ALTER TABLE `craft_content`
	ADD CONSTRAINT `craft_content_elementId_fk` FOREIGN KEY (`elementId`) REFERENCES `craft_elements` (`id`) ON DELETE CASCADE,
	ADD CONSTRAINT `craft_content_locale_fk` FOREIGN KEY (`locale`) REFERENCES `craft_locales` (`locale`) ON DELETE CASCADE ON UPDATE CASCADE;

--
-- Constraints for table `craft_elements_i18n`
--
ALTER TABLE `craft_elements_i18n`
	ADD CONSTRAINT `craft_elements_i18n_elementId_fk` FOREIGN KEY (`elementId`) REFERENCES `craft_elements` (`id`) ON DELETE CASCADE,
	ADD CONSTRAINT `craft_elements_i18n_locale_fk` FOREIGN KEY (`locale`) REFERENCES `craft_locales` (`locale`) ON DELETE CASCADE ON UPDATE CASCADE;

--
-- Constraints for table `craft_emailmessages`
--
ALTER TABLE `craft_emailmessages`
	ADD CONSTRAINT `craft_emailmessages_locale_fk` FOREIGN KEY (`locale`) REFERENCES `craft_locales` (`locale`) ON DELETE CASCADE ON UPDATE CASCADE;

--
-- Constraints for table `craft_entries`
--
ALTER TABLE `craft_entries`
	ADD CONSTRAINT `craft_entries_authorId_fk` FOREIGN KEY (`authorId`) REFERENCES `craft_users` (`id`) ON DELETE CASCADE,
	ADD CONSTRAINT `craft_entries_id_fk` FOREIGN KEY (`id`) REFERENCES `craft_elements` (`id`) ON DELETE CASCADE,
	ADD CONSTRAINT `craft_entries_sectionId_fk` FOREIGN KEY (`sectionId`) REFERENCES `craft_sections` (`id`) ON DELETE CASCADE,
	ADD CONSTRAINT `craft_entries_typeId_fk` FOREIGN KEY (`typeId`) REFERENCES `craft_entrytypes` (`id`) ON DELETE CASCADE;

--
-- Constraints for table `craft_entrydrafts`
--
ALTER TABLE `craft_entrydrafts`
	ADD CONSTRAINT `craft_entrydrafts_creatorId_fk` FOREIGN KEY (`creatorId`) REFERENCES `craft_users` (`id`) ON DELETE CASCADE,
	ADD CONSTRAINT `craft_entrydrafts_entryId_fk` FOREIGN KEY (`entryId`) REFERENCES `craft_entries` (`id`) ON DELETE CASCADE,
	ADD CONSTRAINT `craft_entrydrafts_locale_fk` FOREIGN KEY (`locale`) REFERENCES `craft_locales` (`locale`) ON DELETE CASCADE ON UPDATE CASCADE,
	ADD CONSTRAINT `craft_entrydrafts_sectionId_fk` FOREIGN KEY (`sectionId`) REFERENCES `craft_sections` (`id`) ON DELETE CASCADE;

--
-- Constraints for table `craft_entrytypes`
--
ALTER TABLE `craft_entrytypes`
	ADD CONSTRAINT `craft_entrytypes_fieldLayoutId_fk` FOREIGN KEY (`fieldLayoutId`) REFERENCES `craft_fieldlayouts` (`id`) ON DELETE SET NULL,
	ADD CONSTRAINT `craft_entrytypes_sectionId_fk` FOREIGN KEY (`sectionId`) REFERENCES `craft_sections` (`id`) ON DELETE CASCADE;

--
-- Constraints for table `craft_entryversions`
--
ALTER TABLE `craft_entryversions`
	ADD CONSTRAINT `craft_entryversions_creatorId_fk` FOREIGN KEY (`creatorId`) REFERENCES `craft_users` (`id`) ON DELETE SET NULL,
	ADD CONSTRAINT `craft_entryversions_entryId_fk` FOREIGN KEY (`entryId`) REFERENCES `craft_entries` (`id`) ON DELETE CASCADE,
	ADD CONSTRAINT `craft_entryversions_locale_fk` FOREIGN KEY (`locale`) REFERENCES `craft_locales` (`locale`) ON DELETE CASCADE ON UPDATE CASCADE,
	ADD CONSTRAINT `craft_entryversions_sectionId_fk` FOREIGN KEY (`sectionId`) REFERENCES `craft_sections` (`id`) ON DELETE CASCADE;

--
-- Constraints for table `craft_fieldlayoutfields`
--
ALTER TABLE `craft_fieldlayoutfields`
	ADD CONSTRAINT `craft_fieldlayoutfields_fieldId_fk` FOREIGN KEY (`fieldId`) REFERENCES `craft_fields` (`id`) ON DELETE CASCADE,
	ADD CONSTRAINT `craft_fieldlayoutfields_layoutId_fk` FOREIGN KEY (`layoutId`) REFERENCES `craft_fieldlayouts` (`id`) ON DELETE CASCADE,
	ADD CONSTRAINT `craft_fieldlayoutfields_tabId_fk` FOREIGN KEY (`tabId`) REFERENCES `craft_fieldlayouttabs` (`id`) ON DELETE CASCADE;

--
-- Constraints for table `craft_fieldlayouttabs`
--
ALTER TABLE `craft_fieldlayouttabs`
	ADD CONSTRAINT `craft_fieldlayouttabs_layoutId_fk` FOREIGN KEY (`layoutId`) REFERENCES `craft_fieldlayouts` (`id`) ON DELETE CASCADE;

--
-- Constraints for table `craft_fields`
--
ALTER TABLE `craft_fields`
	ADD CONSTRAINT `craft_fields_groupId_fk` FOREIGN KEY (`groupId`) REFERENCES `craft_fieldgroups` (`id`) ON DELETE CASCADE;

--
-- Constraints for table `craft_globalsets`
--
ALTER TABLE `craft_globalsets`
	ADD CONSTRAINT `craft_globalsets_fieldLayoutId_fk` FOREIGN KEY (`fieldLayoutId`) REFERENCES `craft_fieldlayouts` (`id`) ON DELETE SET NULL,
	ADD CONSTRAINT `craft_globalsets_id_fk` FOREIGN KEY (`id`) REFERENCES `craft_elements` (`id`) ON DELETE CASCADE;

--
-- Constraints for table `craft_matrixblocks`
--
ALTER TABLE `craft_matrixblocks`
	ADD CONSTRAINT `craft_matrixblocks_fieldId_fk` FOREIGN KEY (`fieldId`) REFERENCES `craft_fields` (`id`) ON DELETE CASCADE,
	ADD CONSTRAINT `craft_matrixblocks_id_fk` FOREIGN KEY (`id`) REFERENCES `craft_elements` (`id`) ON DELETE CASCADE,
	ADD CONSTRAINT `craft_matrixblocks_ownerId_fk` FOREIGN KEY (`ownerId`) REFERENCES `craft_elements` (`id`) ON DELETE CASCADE,
	ADD CONSTRAINT `craft_matrixblocks_ownerLocale_fk` FOREIGN KEY (`ownerLocale`) REFERENCES `craft_locales` (`locale`) ON DELETE CASCADE ON UPDATE CASCADE,
	ADD CONSTRAINT `craft_matrixblocks_typeId_fk` FOREIGN KEY (`typeId`) REFERENCES `craft_matrixblocktypes` (`id`) ON DELETE CASCADE;

--
-- Constraints for table `craft_matrixblocktypes`
--
ALTER TABLE `craft_matrixblocktypes`
	ADD CONSTRAINT `craft_matrixblocktypes_fieldId_fk` FOREIGN KEY (`fieldId`) REFERENCES `craft_fields` (`id`) ON DELETE CASCADE,
	ADD CONSTRAINT `craft_matrixblocktypes_fieldLayoutId_fk` FOREIGN KEY (`fieldLayoutId`) REFERENCES `craft_fieldlayouts` (`id`) ON DELETE SET NULL;

--
-- Constraints for table `craft_matrixcontent_matrixtest`
--
ALTER TABLE `craft_matrixcontent_matrixtest`
	ADD CONSTRAINT `craft_matrixcontent_matrixtest_elementId_fk` FOREIGN KEY (`elementId`) REFERENCES `craft_elements` (`id`) ON DELETE CASCADE,
	ADD CONSTRAINT `craft_matrixcontent_matrixtest_locale_fk` FOREIGN KEY (`locale`) REFERENCES `craft_locales` (`locale`) ON DELETE CASCADE ON UPDATE CASCADE;

--
-- Constraints for table `craft_migrations`
--
ALTER TABLE `craft_migrations`
	ADD CONSTRAINT `craft_migrations_pluginId_fk` FOREIGN KEY (`pluginId`) REFERENCES `craft_plugins` (`id`) ON DELETE CASCADE;

--
-- Constraints for table `craft_relations`
--
ALTER TABLE `craft_relations`
	ADD CONSTRAINT `craft_relations_fieldId_fk` FOREIGN KEY (`fieldId`) REFERENCES `craft_fields` (`id`) ON DELETE CASCADE,
	ADD CONSTRAINT `craft_relations_sourceId_fk` FOREIGN KEY (`sourceId`) REFERENCES `craft_elements` (`id`) ON DELETE CASCADE,
	ADD CONSTRAINT `craft_relations_sourceLocale_fk` FOREIGN KEY (`sourceLocale`) REFERENCES `craft_locales` (`locale`) ON DELETE CASCADE ON UPDATE CASCADE,
	ADD CONSTRAINT `craft_relations_targetId_fk` FOREIGN KEY (`targetId`) REFERENCES `craft_elements` (`id`) ON DELETE CASCADE;

--
-- Constraints for table `craft_routes`
--
ALTER TABLE `craft_routes`
	ADD CONSTRAINT `craft_routes_locale_fk` FOREIGN KEY (`locale`) REFERENCES `craft_locales` (`locale`) ON DELETE CASCADE ON UPDATE CASCADE;

--
-- Constraints for table `craft_sections`
--
ALTER TABLE `craft_sections`
	ADD CONSTRAINT `craft_sections_structureId_fk` FOREIGN KEY (`structureId`) REFERENCES `craft_structures` (`id`) ON DELETE SET NULL;

--
-- Constraints for table `craft_sections_i18n`
--
ALTER TABLE `craft_sections_i18n`
	ADD CONSTRAINT `craft_sections_i18n_locale_fk` FOREIGN KEY (`locale`) REFERENCES `craft_locales` (`locale`) ON DELETE CASCADE ON UPDATE CASCADE,
	ADD CONSTRAINT `craft_sections_i18n_sectionId_fk` FOREIGN KEY (`sectionId`) REFERENCES `craft_sections` (`id`) ON DELETE CASCADE;

--
-- Constraints for table `craft_seomatic_meta`
--
ALTER TABLE `craft_seomatic_meta`
	ADD CONSTRAINT `craft_seomatic_meta_id_fk` FOREIGN KEY (`id`) REFERENCES `craft_elements` (`id`) ON DELETE CASCADE,
	ADD CONSTRAINT `craft_seomatic_meta_seoImageId_fk` FOREIGN KEY (`seoImageId`) REFERENCES `craft_assetfiles` (`id`) ON DELETE SET NULL;

--
-- Constraints for table `craft_seomatic_settings`
--
ALTER TABLE `craft_seomatic_settings`
	ADD CONSTRAINT `craft_seomatic_settings_genericCreatorImageId_fk` FOREIGN KEY (`genericCreatorImageId`) REFERENCES `craft_assetfiles` (`id`) ON DELETE SET NULL,
	ADD CONSTRAINT `craft_seomatic_settings_genericOwnerImageId_fk` FOREIGN KEY (`genericOwnerImageId`) REFERENCES `craft_assetfiles` (`id`) ON DELETE SET NULL,
	ADD CONSTRAINT `craft_seomatic_settings_siteSeoImageId_fk` FOREIGN KEY (`siteSeoImageId`) REFERENCES `craft_assetfiles` (`id`) ON DELETE SET NULL;

--
-- Constraints for table `craft_sessions`
--
ALTER TABLE `craft_sessions`
	ADD CONSTRAINT `craft_sessions_userId_fk` FOREIGN KEY (`userId`) REFERENCES `craft_users` (`id`) ON DELETE CASCADE;

--
-- Constraints for table `craft_shunnedmessages`
--
ALTER TABLE `craft_shunnedmessages`
	ADD CONSTRAINT `craft_shunnedmessages_userId_fk` FOREIGN KEY (`userId`) REFERENCES `craft_users` (`id`) ON DELETE CASCADE;

--
-- Constraints for table `craft_structureelements`
--
ALTER TABLE `craft_structureelements`
	ADD CONSTRAINT `craft_structureelements_elementId_fk` FOREIGN KEY (`elementId`) REFERENCES `craft_elements` (`id`) ON DELETE CASCADE,
	ADD CONSTRAINT `craft_structureelements_structureId_fk` FOREIGN KEY (`structureId`) REFERENCES `craft_structures` (`id`) ON DELETE CASCADE;

--
-- Constraints for table `craft_taggroups`
--
ALTER TABLE `craft_taggroups`
	ADD CONSTRAINT `craft_taggroups_fieldLayoutId_fk` FOREIGN KEY (`fieldLayoutId`) REFERENCES `craft_fieldlayouts` (`id`) ON DELETE SET NULL;

--
-- Constraints for table `craft_tags`
--
ALTER TABLE `craft_tags`
	ADD CONSTRAINT `craft_tags_groupId_fk` FOREIGN KEY (`groupId`) REFERENCES `craft_taggroups` (`id`) ON DELETE CASCADE,
	ADD CONSTRAINT `craft_tags_id_fk` FOREIGN KEY (`id`) REFERENCES `craft_elements` (`id`) ON DELETE CASCADE;

--
-- Constraints for table `craft_templatecachecriteria`
--
ALTER TABLE `craft_templatecachecriteria`
	ADD CONSTRAINT `craft_templatecachecriteria_cacheId_fk` FOREIGN KEY (`cacheId`) REFERENCES `craft_templatecaches` (`id`) ON DELETE CASCADE;

--
-- Constraints for table `craft_templatecacheelements`
--
ALTER TABLE `craft_templatecacheelements`
	ADD CONSTRAINT `craft_templatecacheelements_cacheId_fk` FOREIGN KEY (`cacheId`) REFERENCES `craft_templatecaches` (`id`) ON DELETE CASCADE,
	ADD CONSTRAINT `craft_templatecacheelements_elementId_fk` FOREIGN KEY (`elementId`) REFERENCES `craft_elements` (`id`) ON DELETE CASCADE;

--
-- Constraints for table `craft_templatecaches`
--
ALTER TABLE `craft_templatecaches`
	ADD CONSTRAINT `craft_templatecaches_locale_fk` FOREIGN KEY (`locale`) REFERENCES `craft_locales` (`locale`) ON DELETE CASCADE ON UPDATE CASCADE;

--
-- Constraints for table `craft_usergroups_users`
--
ALTER TABLE `craft_usergroups_users`
	ADD CONSTRAINT `craft_usergroups_users_groupId_fk` FOREIGN KEY (`groupId`) REFERENCES `craft_usergroups` (`id`) ON DELETE CASCADE,
	ADD CONSTRAINT `craft_usergroups_users_userId_fk` FOREIGN KEY (`userId`) REFERENCES `craft_users` (`id`) ON DELETE CASCADE;

--
-- Constraints for table `craft_userpermissions_usergroups`
--
ALTER TABLE `craft_userpermissions_usergroups`
	ADD CONSTRAINT `craft_userpermissions_usergroups_groupId_fk` FOREIGN KEY (`groupId`) REFERENCES `craft_usergroups` (`id`) ON DELETE CASCADE,
	ADD CONSTRAINT `craft_userpermissions_usergroups_permissionId_fk` FOREIGN KEY (`permissionId`) REFERENCES `craft_userpermissions` (`id`) ON DELETE CASCADE;

--
-- Constraints for table `craft_userpermissions_users`
--
ALTER TABLE `craft_userpermissions_users`
	ADD CONSTRAINT `craft_userpermissions_users_permissionId_fk` FOREIGN KEY (`permissionId`) REFERENCES `craft_userpermissions` (`id`) ON DELETE CASCADE,
	ADD CONSTRAINT `craft_userpermissions_users_userId_fk` FOREIGN KEY (`userId`) REFERENCES `craft_users` (`id`) ON DELETE CASCADE;

--
-- Constraints for table `craft_users`
--
ALTER TABLE `craft_users`
	ADD CONSTRAINT `craft_users_id_fk` FOREIGN KEY (`id`) REFERENCES `craft_elements` (`id`) ON DELETE CASCADE,
	ADD CONSTRAINT `craft_users_preferredLocale_fk` FOREIGN KEY (`preferredLocale`) REFERENCES `craft_locales` (`locale`) ON DELETE SET NULL ON UPDATE CASCADE;

--
-- Constraints for table `craft_widgets`
--
ALTER TABLE `craft_widgets`
	ADD CONSTRAINT `craft_widgets_userId_fk` FOREIGN KEY (`userId`) REFERENCES `craft_users` (`id`) ON DELETE CASCADE;

SET FOREIGN_KEY_CHECKS = 1;
